wavelengths,fluxes,convolved_flux,filter_wavelengths,filter_trans
  1.472000E+02,  0.000000E+00,  0.000000E+00,  3.700000E+03,  0.000000E+00
  1.510000E+02,  0.000000E+00,  0.000000E+00,  3.800000E+03,  1.100000E-01
  1.552000E+02,  0.000000E+00,  0.000000E+00,  4.000000E+03,  9.200000E-01
  1.588000E+02,  0.000000E+00,  0.000000E+00,  4.200000E+03,  1.000000E+00
  1.620000E+02,  0.000000E+00,  0.000000E+00,  4.400000E+03,  9.400000E-01
  1.660000E+02,  0.000000E+00,  0.000000E+00,  4.600000E+03,  7.900000E-01
  1.703000E+02,  0.000000E+00,  0.000000E+00,  4.800000E+03,  5.800000E-01
  1.734000E+02,  0.000000E+00,  0.000000E+00,  5.000000E+03,  3.600000E-01
  1.768000E+02,  0.000000E+00,  0.000000E+00,  5.200000E+03,  1.500000E-01
  1.802000E+02,  0.000000E+00,  0.000000E+00,  5.400000E+03,  4.000000E-02
  1.817000E+02,  0.000000E+00,  0.000000E+00,  5.600000E+03,  0.000000E+00
  1.861000E+02,  0.000000E+00,  0.000000E+00,  0.000000E+00,  0.000000E+00
  1.910000E+02,  0.000000E+00,  0.000000E+00,  0.000000E+00,  0.000000E+00
  1.939000E+02,  0.000000E+00,  0.000000E+00,  0.000000E+00,  0.000000E+00
  1.984000E+02,  0.000000E+00,  0.000000E+00,  0.000000E+00,  0.000000E+00
  2.018000E+02,  0.000000E+00,  0.000000E+00,  0.000000E+00,  0.000000E+00
  2.050000E+02,  0.000000E+00,  0.000000E+00,  0.000000E+00,  0.000000E+00
  2.105000E+02,  0.000000E+00,  0.000000E+00,  0.000000E+00,  0.000000E+00
  2.162000E+02,  0.000000E+00,  0.000000E+00,  0.000000E+00,  0.000000E+00
  2.198000E+02,  0.000000E+00,  0.000000E+00,  0.000000E+00,  0.000000E+00
  2.230000E+02,  0.000000E+00,  0.000000E+00,  0.000000E+00,  0.000000E+00
  2.268000E+02,  0.000000E+00,  0.000000E+00,  0.000000E+00,  0.000000E+00
  2.300000E+02,  0.000000E+00,  0.000000E+00,  0.000000E+00,  0.000000E+00
  2.340000E+02,  0.000000E+00,  0.000000E+00,  0.000000E+00,  0.000000E+00
  2.400000E+02,  0.000000E+00,  0.000000E+00,  0.000000E+00,  0.000000E+00
  2.465000E+02,  0.000000E+00,  0.000000E+00,  0.000000E+00,  0.000000E+00
  2.524000E+02,  0.000000E+00,  0.000000E+00,  0.000000E+00,  0.000000E+00
  2.568000E+02,  0.000000E+00,  0.000000E+00,  0.000000E+00,  0.000000E+00
  2.600000E+02,  0.000000E+00,  0.000000E+00,  0.000000E+00,  0.000000E+00
  2.640000E+02,  0.000000E+00,  0.000000E+00,  0.000000E+00,  0.000000E+00
  2.685000E+02,  0.000000E+00,  0.000000E+00,  0.000000E+00,  0.000000E+00
  2.735000E+02,  0.000000E+00,  0.000000E+00,  0.000000E+00,  0.000000E+00
  2.785000E+02,  0.000000E+00,  0.000000E+00,  0.000000E+00,  0.000000E+00
  2.840000E+02,  0.000000E+00,  0.000000E+00,  0.000000E+00,  0.000000E+00
  2.900000E+02,  0.000000E+00,  0.000000E+00,  0.000000E+00,  0.000000E+00
  2.960000E+02,  0.000000E+00,  0.000000E+00,  0.000000E+00,  0.000000E+00
  3.010000E+02,  0.000000E+00,  0.000000E+00,  0.000000E+00,  0.000000E+00
  3.080000E+02,  0.000000E+00,  0.000000E+00,  0.000000E+00,  0.000000E+00
  3.180000E+02,  0.000000E+00,  0.000000E+00,  0.000000E+00,  0.000000E+00
  3.280000E+02,  0.000000E+00,  0.000000E+00,  0.000000E+00,  0.000000E+00
  3.380000E+02,  0.000000E+00,  0.000000E+00,  0.000000E+00,  0.000000E+00
  3.480000E+02,  0.000000E+00,  0.000000E+00,  0.000000E+00,  0.000000E+00
  3.570000E+02,  0.000000E+00,  0.000000E+00,  0.000000E+00,  0.000000E+00
  3.660000E+02,  0.000000E+00,  0.000000E+00,  0.000000E+00,  0.000000E+00
  3.750000E+02,  0.000000E+00,  0.000000E+00,  0.000000E+00,  0.000000E+00
  3.850000E+02,  0.000000E+00,  0.000000E+00,  0.000000E+00,  0.000000E+00
  3.950000E+02,  0.000000E+00,  0.000000E+00,  0.000000E+00,  0.000000E+00
  4.050000E+02,  0.000000E+00,  0.000000E+00,  0.000000E+00,  0.000000E+00
  4.140000E+02,  0.000000E+00,  0.000000E+00,  0.000000E+00,  0.000000E+00
  4.220000E+02,  0.000000E+00,  0.000000E+00,  0.000000E+00,  0.000000E+00
  4.300000E+02,  0.000000E+00,  0.000000E+00,  0.000000E+00,  0.000000E+00
  4.410000E+02,  0.000000E+00,  0.000000E+00,  0.000000E+00,  0.000000E+00
  4.510000E+02,  0.000000E+00,  0.000000E+00,  0.000000E+00,  0.000000E+00
  4.600000E+02,  0.000000E+00,  0.000000E+00,  0.000000E+00,  0.000000E+00
  4.700000E+02,  0.000000E+00,  0.000000E+00,  0.000000E+00,  0.000000E+00
  4.800000E+02,  0.000000E+00,  0.000000E+00,  0.000000E+00,  0.000000E+00
  4.900000E+02,  0.000000E+00,  0.000000E+00,  0.000000E+00,  0.000000E+00
  5.000000E+02,  0.000000E+00,  0.000000E+00,  0.000000E+00,  0.000000E+00
  5.060000E+02,  0.000000E+00,  0.000000E+00,  0.000000E+00,  0.000000E+00
  5.120000E+02,  0.000000E+00,  0.000000E+00,  0.000000E+00,  0.000000E+00
  5.200000E+02,  0.000000E+00,  0.000000E+00,  0.000000E+00,  0.000000E+00
  5.300000E+02,  0.000000E+00,  0.000000E+00,  0.000000E+00,  0.000000E+00
  5.400000E+02,  0.000000E+00,  0.000000E+00,  0.000000E+00,  0.000000E+00
  5.500000E+02,  0.000000E+00,  0.000000E+00,  0.000000E+00,  0.000000E+00
  5.600000E+02,  0.000000E+00,  0.000000E+00,  0.000000E+00,  0.000000E+00
  5.700000E+02,  0.000000E+00,  0.000000E+00,  0.000000E+00,  0.000000E+00
  5.800000E+02,  0.000000E+00,  0.000000E+00,  0.000000E+00,  0.000000E+00
  5.900000E+02,  0.000000E+00,  0.000000E+00,  0.000000E+00,  0.000000E+00
  6.000000E+02,  0.000000E+00,  0.000000E+00,  0.000000E+00,  0.000000E+00
  6.100000E+02,  0.000000E+00,  0.000000E+00,  0.000000E+00,  0.000000E+00
  6.200000E+02,  0.000000E+00,  0.000000E+00,  0.000000E+00,  0.000000E+00
  6.300000E+02,  0.000000E+00,  0.000000E+00,  0.000000E+00,  0.000000E+00
  6.400000E+02,  0.000000E+00,  0.000000E+00,  0.000000E+00,  0.000000E+00
  6.500000E+02,  0.000000E+00,  0.000000E+00,  0.000000E+00,  0.000000E+00
  6.580000E+02,  0.000000E+00,  0.000000E+00,  0.000000E+00,  0.000000E+00
  6.650000E+02,  0.000000E+00,  0.000000E+00,  0.000000E+00,  0.000000E+00
  6.750000E+02,  0.000000E+00,  0.000000E+00,  0.000000E+00,  0.000000E+00
  6.850000E+02,  0.000000E+00,  0.000000E+00,  0.000000E+00,  0.000000E+00
  6.950000E+02,  0.000000E+00,  0.000000E+00,  0.000000E+00,  0.000000E+00
  7.050000E+02,  0.000000E+00,  0.000000E+00,  0.000000E+00,  0.000000E+00
  7.160000E+02,  0.000000E+00,  0.000000E+00,  0.000000E+00,  0.000000E+00
  7.260000E+02,  0.000000E+00,  0.000000E+00,  0.000000E+00,  0.000000E+00
  7.350000E+02,  0.000000E+00,  0.000000E+00,  0.000000E+00,  0.000000E+00
  7.450000E+02,  0.000000E+00,  0.000000E+00,  0.000000E+00,  0.000000E+00
  7.550000E+02,  0.000000E+00,  0.000000E+00,  0.000000E+00,  0.000000E+00
  7.650000E+02,  0.000000E+00,  0.000000E+00,  0.000000E+00,  0.000000E+00
  7.750000E+02,  0.000000E+00,  0.000000E+00,  0.000000E+00,  0.000000E+00
  7.850000E+02,  0.000000E+00,  0.000000E+00,  0.000000E+00,  0.000000E+00
  7.950000E+02,  0.000000E+00,  0.000000E+00,  0.000000E+00,  0.000000E+00
  8.050000E+02,  0.000000E+00,  0.000000E+00,  0.000000E+00,  0.000000E+00
  8.150000E+02,  0.000000E+00,  0.000000E+00,  0.000000E+00,  0.000000E+00
  8.250000E+02,  0.000000E+00,  0.000000E+00,  0.000000E+00,  0.000000E+00
  8.350000E+02,  0.000000E+00,  0.000000E+00,  0.000000E+00,  0.000000E+00
  8.450000E+02,  0.000000E+00,  0.000000E+00,  0.000000E+00,  0.000000E+00
  8.550000E+02,  0.000000E+00,  0.000000E+00,  0.000000E+00,  0.000000E+00
  8.650000E+02,  0.000000E+00,  0.000000E+00,  0.000000E+00,  0.000000E+00
  8.750000E+02,  0.000000E+00,  0.000000E+00,  0.000000E+00,  0.000000E+00
  8.850000E+02,  0.000000E+00,  0.000000E+00,  0.000000E+00,  0.000000E+00
  8.950000E+02,  0.000000E+00,  0.000000E+00,  0.000000E+00,  0.000000E+00
  9.050000E+02,  0.000000E+00,  0.000000E+00,  0.000000E+00,  0.000000E+00
  9.150000E+02,  0.000000E+00,  0.000000E+00,  0.000000E+00,  0.000000E+00
  9.250000E+02,  0.000000E+00,  0.000000E+00,  0.000000E+00,  0.000000E+00
  9.350000E+02,  0.000000E+00,  0.000000E+00,  0.000000E+00,  0.000000E+00
  9.450000E+02,  0.000000E+00,  0.000000E+00,  0.000000E+00,  0.000000E+00
  9.550000E+02,  0.000000E+00,  0.000000E+00,  0.000000E+00,  0.000000E+00
  9.650000E+02,  0.000000E+00,  0.000000E+00,  0.000000E+00,  0.000000E+00
  9.750000E+02,  0.000000E+00,  0.000000E+00,  0.000000E+00,  0.000000E+00
  9.850000E+02,  0.000000E+00,  0.000000E+00,  0.000000E+00,  0.000000E+00
  9.950000E+02,  0.000000E+00,  0.000000E+00,  0.000000E+00,  0.000000E+00
  1.005000E+03,  0.000000E+00,  0.000000E+00,  0.000000E+00,  0.000000E+00
  1.015000E+03,  0.000000E+00,  0.000000E+00,  0.000000E+00,  0.000000E+00
  1.025000E+03,  0.000000E+00,  0.000000E+00,  0.000000E+00,  0.000000E+00
  1.035000E+03,  0.000000E+00,  0.000000E+00,  0.000000E+00,  0.000000E+00
  1.045000E+03,  0.000000E+00,  0.000000E+00,  0.000000E+00,  0.000000E+00
  1.055000E+03,  0.000000E+00,  0.000000E+00,  0.000000E+00,  0.000000E+00
  1.065000E+03,  0.000000E+00,  0.000000E+00,  0.000000E+00,  0.000000E+00
  1.075000E+03,  0.000000E+00,  0.000000E+00,  0.000000E+00,  0.000000E+00
  1.085000E+03,  0.000000E+00,  0.000000E+00,  0.000000E+00,  0.000000E+00
  1.095000E+03,  0.000000E+00,  0.000000E+00,  0.000000E+00,  0.000000E+00
  1.105000E+03,  0.000000E+00,  0.000000E+00,  0.000000E+00,  0.000000E+00
  1.115000E+03,  0.000000E+00,  0.000000E+00,  0.000000E+00,  0.000000E+00
  1.125000E+03,  0.000000E+00,  0.000000E+00,  0.000000E+00,  0.000000E+00
  1.135000E+03,  0.000000E+00,  0.000000E+00,  0.000000E+00,  0.000000E+00
  1.145000E+03,  0.000000E+00,  0.000000E+00,  0.000000E+00,  0.000000E+00
  1.155000E+03,  0.000000E+00,  0.000000E+00,  0.000000E+00,  0.000000E+00
  1.165000E+03,  0.000000E+00,  0.000000E+00,  0.000000E+00,  0.000000E+00
  1.175000E+03,  0.000000E+00,  0.000000E+00,  0.000000E+00,  0.000000E+00
  1.185000E+03,  0.000000E+00,  0.000000E+00,  0.000000E+00,  0.000000E+00
  1.195000E+03,  0.000000E+00,  0.000000E+00,  0.000000E+00,  0.000000E+00
  1.205000E+03,  0.000000E+00,  0.000000E+00,  0.000000E+00,  0.000000E+00
  1.215000E+03,  0.000000E+00,  0.000000E+00,  0.000000E+00,  0.000000E+00
  1.225000E+03,  0.000000E+00,  0.000000E+00,  0.000000E+00,  0.000000E+00
  1.235000E+03,  0.000000E+00,  0.000000E+00,  0.000000E+00,  0.000000E+00
  1.245000E+03,  0.000000E+00,  0.000000E+00,  0.000000E+00,  0.000000E+00
  1.255000E+03,  0.000000E+00,  0.000000E+00,  0.000000E+00,  0.000000E+00
  1.265000E+03,  0.000000E+00,  0.000000E+00,  0.000000E+00,  0.000000E+00
  1.275000E+03,  0.000000E+00,  0.000000E+00,  0.000000E+00,  0.000000E+00
  1.285000E+03,  0.000000E+00,  0.000000E+00,  0.000000E+00,  0.000000E+00
  1.295000E+03,  0.000000E+00,  0.000000E+00,  0.000000E+00,  0.000000E+00
  1.305000E+03,  0.000000E+00,  0.000000E+00,  0.000000E+00,  0.000000E+00
  1.315000E+03,  0.000000E+00,  0.000000E+00,  0.000000E+00,  0.000000E+00
  1.325000E+03,  0.000000E+00,  0.000000E+00,  0.000000E+00,  0.000000E+00
  1.335000E+03,  0.000000E+00,  0.000000E+00,  0.000000E+00,  0.000000E+00
  1.345000E+03,  0.000000E+00,  0.000000E+00,  0.000000E+00,  0.000000E+00
  1.355000E+03,  0.000000E+00,  0.000000E+00,  0.000000E+00,  0.000000E+00
  1.365000E+03,  0.000000E+00,  0.000000E+00,  0.000000E+00,  0.000000E+00
  1.375000E+03,  0.000000E+00,  0.000000E+00,  0.000000E+00,  0.000000E+00
  1.385000E+03,  0.000000E+00,  0.000000E+00,  0.000000E+00,  0.000000E+00
  1.395000E+03,  0.000000E+00,  0.000000E+00,  0.000000E+00,  0.000000E+00
  1.405000E+03,  0.000000E+00,  0.000000E+00,  0.000000E+00,  0.000000E+00
  1.415000E+03,  0.000000E+00,  0.000000E+00,  0.000000E+00,  0.000000E+00
  1.425000E+03,  0.000000E+00,  0.000000E+00,  0.000000E+00,  0.000000E+00
  1.435000E+03,  0.000000E+00,  0.000000E+00,  0.000000E+00,  0.000000E+00
  1.442000E+03,  0.000000E+00,  0.000000E+00,  0.000000E+00,  0.000000E+00
  1.447000E+03,  0.000000E+00,  0.000000E+00,  0.000000E+00,  0.000000E+00
  1.455000E+03,  0.000000E+00,  0.000000E+00,  0.000000E+00,  0.000000E+00
  1.465000E+03,  0.000000E+00,  0.000000E+00,  0.000000E+00,  0.000000E+00
  1.475000E+03,  0.000000E+00,  0.000000E+00,  0.000000E+00,  0.000000E+00
  1.485000E+03,  0.000000E+00,  0.000000E+00,  0.000000E+00,  0.000000E+00
  1.495000E+03,  0.000000E+00,  0.000000E+00,  0.000000E+00,  0.000000E+00
  1.505000E+03,  0.000000E+00,  0.000000E+00,  0.000000E+00,  0.000000E+00
  1.512000E+03,  0.000000E+00,  0.000000E+00,  0.000000E+00,  0.000000E+00
  1.517000E+03,  0.000000E+00,  0.000000E+00,  0.000000E+00,  0.000000E+00
  1.525000E+03,  0.000000E+00,  0.000000E+00,  0.000000E+00,  0.000000E+00
  1.535000E+03,  0.000000E+00,  0.000000E+00,  0.000000E+00,  0.000000E+00
  1.545000E+03,  0.000000E+00,  0.000000E+00,  0.000000E+00,  0.000000E+00
  1.555000E+03,  0.000000E+00,  0.000000E+00,  0.000000E+00,  0.000000E+00
  1.565000E+03,  0.000000E+00,  0.000000E+00,  0.000000E+00,  0.000000E+00
  1.575000E+03,  0.000000E+00,  0.000000E+00,  0.000000E+00,  0.000000E+00
  1.585000E+03,  0.000000E+00,  0.000000E+00,  0.000000E+00,  0.000000E+00
  1.595000E+03,  0.000000E+00,  0.000000E+00,  0.000000E+00,  0.000000E+00
  1.605000E+03,  0.000000E+00,  0.000000E+00,  0.000000E+00,  0.000000E+00
  1.615000E+03,  0.000000E+00,  0.000000E+00,  0.000000E+00,  0.000000E+00
  1.625000E+03,  0.000000E+00,  0.000000E+00,  0.000000E+00,  0.000000E+00
  1.635000E+03,  0.000000E+00,  0.000000E+00,  0.000000E+00,  0.000000E+00
  1.645000E+03,  0.000000E+00,  0.000000E+00,  0.000000E+00,  0.000000E+00
  1.655000E+03,  0.000000E+00,  0.000000E+00,  0.000000E+00,  0.000000E+00
  1.665000E+03,  0.000000E+00,  0.000000E+00,  0.000000E+00,  0.000000E+00
  1.672000E+03,  0.000000E+00,  0.000000E+00,  0.000000E+00,  0.000000E+00
  1.677000E+03,  0.000000E+00,  0.000000E+00,  0.000000E+00,  0.000000E+00
  1.685000E+03,  1.453056E-14,  0.000000E+00,  0.000000E+00,  0.000000E+00
  1.695000E+03,  1.342013E-13,  0.000000E+00,  0.000000E+00,  0.000000E+00
  1.705000E+03,  1.810411E-13,  0.000000E+00,  0.000000E+00,  0.000000E+00
  1.715000E+03,  1.585354E-13,  0.000000E+00,  0.000000E+00,  0.000000E+00
  1.725000E+03,  2.631851E-13,  0.000000E+00,  0.000000E+00,  0.000000E+00
  1.735000E+03,  3.695938E-13,  0.000000E+00,  0.000000E+00,  0.000000E+00
  1.745000E+03,  5.844636E-13,  0.000000E+00,  0.000000E+00,  0.000000E+00
  1.755000E+03,  8.878294E-13,  0.000000E+00,  0.000000E+00,  0.000000E+00
  1.765000E+03,  9.901372E-13,  0.000000E+00,  0.000000E+00,  0.000000E+00
  1.775000E+03,  8.825221E-13,  0.000000E+00,  0.000000E+00,  0.000000E+00
  1.785000E+03,  1.397357E-12,  0.000000E+00,  0.000000E+00,  0.000000E+00
  1.795000E+03,  1.597564E-12,  0.000000E+00,  0.000000E+00,  0.000000E+00
  1.805000E+03,  1.970260E-12,  0.000000E+00,  0.000000E+00,  0.000000E+00
  1.815000E+03,  1.885041E-12,  0.000000E+00,  0.000000E+00,  0.000000E+00
  1.825000E+03,  2.655352E-12,  0.000000E+00,  0.000000E+00,  0.000000E+00
  1.835000E+03,  3.104324E-12,  0.000000E+00,  0.000000E+00,  0.000000E+00
  1.845000E+03,  2.096213E-12,  0.000000E+00,  0.000000E+00,  0.000000E+00
  1.855000E+03,  3.390664E-12,  0.000000E+00,  0.000000E+00,  0.000000E+00
  1.865000E+03,  4.165967E-12,  0.000000E+00,  0.000000E+00,  0.000000E+00
  1.875000E+03,  4.908667E-12,  0.000000E+00,  0.000000E+00,  0.000000E+00
  1.885000E+03,  5.590069E-12,  0.000000E+00,  0.000000E+00,  0.000000E+00
  1.895000E+03,  7.810521E-12,  0.000000E+00,  0.000000E+00,  0.000000E+00
  1.905000E+03,  7.603319E-12,  0.000000E+00,  0.000000E+00,  0.000000E+00
  1.915000E+03,  9.337758E-12,  0.000000E+00,  0.000000E+00,  0.000000E+00
  1.925000E+03,  1.104357E-11,  0.000000E+00,  0.000000E+00,  0.000000E+00
  1.935000E+03,  9.263524E-12,  0.000000E+00,  0.000000E+00,  0.000000E+00
  1.945000E+03,  1.413795E-11,  0.000000E+00,  0.000000E+00,  0.000000E+00
  1.955000E+03,  1.525791E-11,  0.000000E+00,  0.000000E+00,  0.000000E+00
  1.967000E+03,  2.025293E-11,  0.000000E+00,  0.000000E+00,  0.000000E+00
  1.976000E+03,  2.102665E-11,  0.000000E+00,  0.000000E+00,  0.000000E+00
  1.984000E+03,  2.288110E-11,  0.000000E+00,  0.000000E+00,  0.000000E+00
  1.995000E+03,  2.471878E-11,  0.000000E+00,  0.000000E+00,  0.000000E+00
  2.005000E+03,  2.587328E-11,  0.000000E+00,  0.000000E+00,  0.000000E+00
  2.015000E+03,  2.935393E-11,  0.000000E+00,  0.000000E+00,  0.000000E+00
  2.025000E+03,  2.524075E-11,  0.000000E+00,  0.000000E+00,  0.000000E+00
  2.035000E+03,  3.541817E-11,  0.000000E+00,  0.000000E+00,  0.000000E+00
  2.045000E+03,  4.141783E-11,  0.000000E+00,  0.000000E+00,  0.000000E+00
  2.055000E+03,  4.403414E-11,  0.000000E+00,  0.000000E+00,  0.000000E+00
  2.065000E+03,  4.457367E-11,  0.000000E+00,  0.000000E+00,  0.000000E+00
  2.074000E+03,  5.418448E-11,  0.000000E+00,  0.000000E+00,  0.000000E+00
  2.078000E+03,  5.761373E-11,  0.000000E+00,  0.000000E+00,  0.000000E+00
  2.085000E+03,  5.787560E-11,  0.000000E+00,  0.000000E+00,  0.000000E+00
  2.095000E+03,  5.867423E-11,  0.000000E+00,  0.000000E+00,  0.000000E+00
  2.105000E+03,  5.933286E-11,  0.000000E+00,  0.000000E+00,  0.000000E+00
  2.115000E+03,  5.875201E-11,  0.000000E+00,  0.000000E+00,  0.000000E+00
  2.125000E+03,  4.386477E-11,  0.000000E+00,  0.000000E+00,  0.000000E+00
  2.135000E+03,  7.110881E-11,  0.000000E+00,  0.000000E+00,  0.000000E+00
  2.145000E+03,  8.534923E-11,  0.000000E+00,  0.000000E+00,  0.000000E+00
  2.155000E+03,  9.156502E-11,  0.000000E+00,  0.000000E+00,  0.000000E+00
  2.165000E+03,  9.651382E-11,  0.000000E+00,  0.000000E+00,  0.000000E+00
  2.175000E+03,  1.055665E-10,  0.000000E+00,  0.000000E+00,  0.000000E+00
  2.185000E+03,  1.273813E-10,  0.000000E+00,  0.000000E+00,  0.000000E+00
  2.195000E+03,  1.544334E-10,  0.000000E+00,  0.000000E+00,  0.000000E+00
  2.205000E+03,  1.574061E-10,  0.000000E+00,  0.000000E+00,  0.000000E+00
  2.215000E+03,  1.364735E-10,  0.000000E+00,  0.000000E+00,  0.000000E+00
  2.225000E+03,  1.812992E-10,  0.000000E+00,  0.000000E+00,  0.000000E+00
  2.235000E+03,  2.488605E-10,  0.000000E+00,  0.000000E+00,  0.000000E+00
  2.245000E+03,  2.480865E-10,  0.000000E+00,  0.000000E+00,  0.000000E+00
  2.255000E+03,  2.097071E-10,  0.000000E+00,  0.000000E+00,  0.000000E+00
  2.265000E+03,  1.876552E-10,  0.000000E+00,  0.000000E+00,  0.000000E+00
  2.275000E+03,  2.685178E-10,  0.000000E+00,  0.000000E+00,  0.000000E+00
  2.285000E+03,  3.242754E-10,  0.000000E+00,  0.000000E+00,  0.000000E+00
  2.295000E+03,  3.126650E-10,  0.000000E+00,  0.000000E+00,  0.000000E+00
  2.305000E+03,  3.694441E-10,  0.000000E+00,  0.000000E+00,  0.000000E+00
  2.315000E+03,  3.430149E-10,  0.000000E+00,  0.000000E+00,  0.000000E+00
  2.325000E+03,  3.253153E-10,  0.000000E+00,  0.000000E+00,  0.000000E+00
  2.335000E+03,  2.702791E-10,  0.000000E+00,  0.000000E+00,  0.000000E+00
  2.345000E+03,  2.105850E-10,  0.000000E+00,  0.000000E+00,  0.000000E+00
  2.355000E+03,  3.606159E-10,  0.000000E+00,  0.000000E+00,  0.000000E+00
  2.365000E+03,  2.531113E-10,  0.000000E+00,  0.000000E+00,  0.000000E+00
  2.375000E+03,  3.268513E-10,  0.000000E+00,  0.000000E+00,  0.000000E+00
  2.385000E+03,  2.076122E-10,  0.000000E+00,  0.000000E+00,  0.000000E+00
  2.395000E+03,  2.834697E-10,  0.000000E+00,  0.000000E+00,  0.000000E+00
  2.405000E+03,  2.951595E-10,  0.000000E+00,  0.000000E+00,  0.000000E+00
  2.415000E+03,  3.747464E-10,  0.000000E+00,  0.000000E+00,  0.000000E+00
  2.425000E+03,  7.467554E-10,  0.000000E+00,  0.000000E+00,  0.000000E+00
  2.435000E+03,  8.804010E-10,  0.000000E+00,  0.000000E+00,  0.000000E+00
  2.445000E+03,  1.113041E-09,  0.000000E+00,  0.000000E+00,  0.000000E+00
  2.455000E+03,  1.162773E-09,  0.000000E+00,  0.000000E+00,  0.000000E+00
  2.465000E+03,  9.905384E-10,  0.000000E+00,  0.000000E+00,  0.000000E+00
  2.475000E+03,  8.760208E-10,  0.000000E+00,  0.000000E+00,  0.000000E+00
  2.485000E+03,  3.621292E-10,  0.000000E+00,  0.000000E+00,  0.000000E+00
  2.495000E+03,  7.074495E-10,  0.000000E+00,  0.000000E+00,  0.000000E+00
  2.505000E+03,  1.092525E-09,  0.000000E+00,  0.000000E+00,  0.000000E+00
  2.513000E+03,  6.011425E-10,  0.000000E+00,  0.000000E+00,  0.000000E+00
  2.518000E+03,  3.862407E-10,  0.000000E+00,  0.000000E+00,  0.000000E+00
  2.525000E+03,  4.409848E-10,  0.000000E+00,  0.000000E+00,  0.000000E+00
  2.535000E+03,  8.906189E-10,  0.000000E+00,  0.000000E+00,  0.000000E+00
  2.545000E+03,  1.192121E-09,  0.000000E+00,  0.000000E+00,  0.000000E+00
  2.555000E+03,  2.207968E-09,  0.000000E+00,  0.000000E+00,  0.000000E+00
  2.565000E+03,  1.490223E-09,  0.000000E+00,  0.000000E+00,  0.000000E+00
  2.575000E+03,  1.842880E-09,  0.000000E+00,  0.000000E+00,  0.000000E+00
  2.585000E+03,  1.325773E-09,  0.000000E+00,  0.000000E+00,  0.000000E+00
  2.595000E+03,  1.108355E-09,  0.000000E+00,  0.000000E+00,  0.000000E+00
  2.605000E+03,  9.012494E-10,  0.000000E+00,  0.000000E+00,  0.000000E+00
  2.615000E+03,  8.654330E-10,  0.000000E+00,  0.000000E+00,  0.000000E+00
  2.625000E+03,  1.173091E-09,  0.000000E+00,  0.000000E+00,  0.000000E+00
  2.635000E+03,  2.623988E-09,  0.000000E+00,  0.000000E+00,  0.000000E+00
  2.645000E+03,  4.804865E-09,  0.000000E+00,  0.000000E+00,  0.000000E+00
  2.655000E+03,  6.916086E-09,  0.000000E+00,  0.000000E+00,  0.000000E+00
  2.665000E+03,  4.902892E-09,  0.000000E+00,  0.000000E+00,  0.000000E+00
  2.675000E+03,  5.447284E-09,  0.000000E+00,  0.000000E+00,  0.000000E+00
  2.685000E+03,  6.348599E-09,  0.000000E+00,  0.000000E+00,  0.000000E+00
  2.695000E+03,  4.828570E-09,  0.000000E+00,  0.000000E+00,  0.000000E+00
  2.705000E+03,  6.167823E-09,  0.000000E+00,  0.000000E+00,  0.000000E+00
  2.715000E+03,  3.905254E-09,  0.000000E+00,  0.000000E+00,  0.000000E+00
  2.725000E+03,  3.139731E-09,  0.000000E+00,  0.000000E+00,  0.000000E+00
  2.735000E+03,  3.980931E-09,  0.000000E+00,  0.000000E+00,  0.000000E+00
  2.745000E+03,  1.984646E-09,  0.000000E+00,  0.000000E+00,  0.000000E+00
  2.755000E+03,  2.865510E-09,  0.000000E+00,  0.000000E+00,  0.000000E+00
  2.765000E+03,  4.004367E-09,  0.000000E+00,  0.000000E+00,  0.000000E+00
  2.775000E+03,  4.004512E-09,  0.000000E+00,  0.000000E+00,  0.000000E+00
  2.785000E+03,  2.425731E-09,  0.000000E+00,  0.000000E+00,  0.000000E+00
  2.795000E+03,  7.765247E-10,  0.000000E+00,  0.000000E+00,  0.000000E+00
  2.805000E+03,  1.034502E-09,  0.000000E+00,  0.000000E+00,  0.000000E+00
  2.815000E+03,  3.377153E-09,  0.000000E+00,  0.000000E+00,  0.000000E+00
  2.825000E+03,  5.777194E-09,  0.000000E+00,  0.000000E+00,  0.000000E+00
  2.835000E+03,  6.465626E-09,  0.000000E+00,  0.000000E+00,  0.000000E+00
  2.845000E+03,  5.054198E-09,  0.000000E+00,  0.000000E+00,  0.000000E+00
  2.855000E+03,  2.281356E-09,  0.000000E+00,  0.000000E+00,  0.000000E+00
  2.865000E+03,  7.396796E-09,  0.000000E+00,  0.000000E+00,  0.000000E+00
  2.875000E+03,  1.022707E-08,  0.000000E+00,  0.000000E+00,  0.000000E+00
  2.885000E+03,  9.540850E-09,  0.000000E+00,  0.000000E+00,  0.000000E+00
  2.895000E+03,  1.141323E-08,  0.000000E+00,  0.000000E+00,  0.000000E+00
  2.910000E+03,  1.533420E-08,  0.000000E+00,  0.000000E+00,  0.000000E+00
  2.930000E+03,  1.489514E-08,  0.000000E+00,  0.000000E+00,  0.000000E+00
  2.950000E+03,  1.465656E-08,  0.000000E+00,  0.000000E+00,  0.000000E+00
  2.970000E+03,  1.606392E-08,  0.000000E+00,  0.000000E+00,  0.000000E+00
  2.990000E+03,  1.682695E-08,  0.000000E+00,  0.000000E+00,  0.000000E+00
  3.010000E+03,  1.771087E-08,  0.000000E+00,  0.000000E+00,  0.000000E+00
  3.030000E+03,  1.945232E-08,  0.000000E+00,  0.000000E+00,  0.000000E+00
  3.050000E+03,  2.172862E-08,  0.000000E+00,  0.000000E+00,  0.000000E+00
  3.070000E+03,  2.027836E-08,  0.000000E+00,  0.000000E+00,  0.000000E+00
  3.090000E+03,  2.115408E-08,  0.000000E+00,  0.000000E+00,  0.000000E+00
  3.110000E+03,  2.371680E-08,  0.000000E+00,  0.000000E+00,  0.000000E+00
  3.130000E+03,  2.117330E-08,  0.000000E+00,  0.000000E+00,  0.000000E+00
  3.150000E+03,  2.110824E-08,  0.000000E+00,  0.000000E+00,  0.000000E+00
  3.170000E+03,  2.458029E-08,  0.000000E+00,  0.000000E+00,  0.000000E+00
  3.190000E+03,  2.293553E-08,  0.000000E+00,  0.000000E+00,  0.000000E+00
  3.210000E+03,  2.614415E-08,  0.000000E+00,  0.000000E+00,  0.000000E+00
  3.230000E+03,  2.231892E-08,  0.000000E+00,  0.000000E+00,  0.000000E+00
  3.250000E+03,  3.311900E-08,  0.000000E+00,  0.000000E+00,  0.000000E+00
  3.270000E+03,  3.990552E-08,  0.000000E+00,  0.000000E+00,  0.000000E+00
  3.290000E+03,  3.981728E-08,  0.000000E+00,  0.000000E+00,  0.000000E+00
  3.310000E+03,  3.794128E-08,  0.000000E+00,  0.000000E+00,  0.000000E+00
  3.330000E+03,  3.813499E-08,  0.000000E+00,  0.000000E+00,  0.000000E+00
  3.350000E+03,  3.630497E-08,  0.000000E+00,  0.000000E+00,  0.000000E+00
  3.370000E+03,  2.796471E-08,  0.000000E+00,  0.000000E+00,  0.000000E+00
  3.390000E+03,  3.481832E-08,  0.000000E+00,  0.000000E+00,  0.000000E+00
  3.410000E+03,  3.937831E-08,  0.000000E+00,  0.000000E+00,  0.000000E+00
  3.430000E+03,  4.587773E-08,  0.000000E+00,  0.000000E+00,  0.000000E+00
  3.450000E+03,  4.828881E-08,  0.000000E+00,  0.000000E+00,  0.000000E+00
  3.470000E+03,  5.017845E-08,  0.000000E+00,  0.000000E+00,  0.000000E+00
  3.490000E+03,  5.393502E-08,  0.000000E+00,  0.000000E+00,  0.000000E+00
  3.510000E+03,  5.863244E-08,  0.000000E+00,  0.000000E+00,  0.000000E+00
  3.530000E+03,  5.449045E-08,  0.000000E+00,  0.000000E+00,  0.000000E+00
  3.550000E+03,  6.387755E-08,  0.000000E+00,  0.000000E+00,  0.000000E+00
  3.570000E+03,  5.133428E-08,  0.000000E+00,  0.000000E+00,  0.000000E+00
  3.590000E+03,  5.232689E-08,  0.000000E+00,  0.000000E+00,  0.000000E+00
  3.610000E+03,  6.032957E-08,  0.000000E+00,  0.000000E+00,  0.000000E+00
  3.630000E+03,  6.194921E-08,  0.000000E+00,  0.000000E+00,  0.000000E+00
  3.640000E+03,  6.223310E-08,  0.000000E+00,  0.000000E+00,  0.000000E+00
  3.650000E+03,  6.829767E-08,  0.000000E+00,  0.000000E+00,  0.000000E+00
  3.670000E+03,  7.128226E-08,  0.000000E+00,  0.000000E+00,  0.000000E+00
  3.690000E+03,  7.492778E-08,  0.000000E+00,  0.000000E+00,  0.000000E+00
  3.710000E+03,  8.457405E-08,  9.303146E-10,  0.000000E+00,  0.000000E+00
  3.730000E+03,  7.335257E-08,  2.420635E-09,  0.000000E+00,  0.000000E+00
  3.750000E+03,  7.992851E-08,  4.396068E-09,  0.000000E+00,  0.000000E+00
  3.770000E+03,  8.824601E-08,  6.794943E-09,  0.000000E+00,  0.000000E+00
  3.790000E+03,  9.038896E-08,  8.948507E-09,  0.000000E+00,  0.000000E+00
  3.810000E+03,  8.911986E-08,  1.341254E-08,  0.000000E+00,  0.000000E+00
  3.830000E+03,  6.964237E-08,  1.612221E-08,  0.000000E+00,  0.000000E+00
  3.850000E+03,  7.376533E-08,  2.305167E-08,  0.000000E+00,  0.000000E+00
  3.870000E+03,  6.854275E-08,  2.697157E-08,  0.000000E+00,  0.000000E+00
  3.890000E+03,  8.290341E-08,  3.933767E-08,  0.000000E+00,  0.000000E+00
  3.910000E+03,  9.177797E-08,  5.098266E-08,  0.000000E+00,  0.000000E+00
  3.930000E+03,  4.185973E-08,  2.664372E-08,  0.000000E+00,  0.000000E+00
  3.950000E+03,  8.055034E-08,  5.779487E-08,  0.000000E+00,  0.000000E+00
  3.970000E+03,  5.272045E-08,  4.209728E-08,  0.000000E+00,  0.000000E+00
  3.990000E+03,  1.164413E-07,  1.024101E-07,  0.000000E+00,  0.000000E+00
  4.010000E+03,  1.322485E-07,  1.221976E-07,  0.000000E+00,  0.000000E+00
  4.030000E+03,  1.310744E-07,  1.221614E-07,  0.000000E+00,  0.000000E+00
  4.050000E+03,  1.303313E-07,  1.225114E-07,  0.000000E+00,  0.000000E+00
  4.070000E+03,  1.293135E-07,  1.225892E-07,  0.000000E+00,  0.000000E+00
  4.090000E+03,  1.481690E-07,  1.416495E-07,  0.000000E+00,  0.000000E+00
  4.110000E+03,  1.494979E-07,  1.441160E-07,  0.000000E+00,  0.000000E+00
  4.130000E+03,  1.442413E-07,  1.402025E-07,  0.000000E+00,  0.000000E+00
  4.150000E+03,  1.449376E-07,  1.420388E-07,  0.000000E+00,  0.000000E+00
  4.170000E+03,  1.462967E-07,  1.445412E-07,  0.000000E+00,  0.000000E+00
  4.190000E+03,  1.406543E-07,  1.400917E-07,  0.000000E+00,  0.000000E+00
  4.210000E+03,  1.434483E-07,  1.430180E-07,  0.000000E+00,  0.000000E+00
  4.230000E+03,  1.435369E-07,  1.422451E-07,  0.000000E+00,  0.000000E+00
  4.250000E+03,  1.406631E-07,  1.385532E-07,  0.000000E+00,  0.000000E+00
  4.270000E+03,  1.346729E-07,  1.318448E-07,  0.000000E+00,  0.000000E+00
  4.290000E+03,  1.192351E-07,  1.160158E-07,  0.000000E+00,  0.000000E+00
  4.310000E+03,  9.419260E-08,  9.108424E-08,  0.000000E+00,  0.000000E+00
  4.330000E+03,  1.501593E-07,  1.443031E-07,  0.000000E+00,  0.000000E+00
  4.350000E+03,  1.443043E-07,  1.378106E-07,  0.000000E+00,  0.000000E+00
  4.370000E+03,  1.516821E-07,  1.439463E-07,  0.000000E+00,  0.000000E+00
  4.390000E+03,  1.438028E-07,  1.356060E-07,  0.000000E+00,  0.000000E+00
  4.410000E+03,  1.599797E-07,  1.491811E-07,  0.000000E+00,  0.000000E+00
  4.430000E+03,  1.797587E-07,  1.649286E-07,  0.000000E+00,  0.000000E+00
  4.450000E+03,  1.794523E-07,  1.619557E-07,  0.000000E+00,  0.000000E+00
  4.470000E+03,  1.890264E-07,  1.677609E-07,  0.000000E+00,  0.000000E+00
  4.490000E+03,  1.964081E-07,  1.713661E-07,  0.000000E+00,  0.000000E+00
  4.510000E+03,  2.105543E-07,  1.805503E-07,  0.000000E+00,  0.000000E+00
  4.530000E+03,  1.955192E-07,  1.647249E-07,  0.000000E+00,  0.000000E+00
  4.550000E+03,  2.015133E-07,  1.667522E-07,  0.000000E+00,  0.000000E+00
  4.570000E+03,  2.138135E-07,  1.737235E-07,  0.000000E+00,  0.000000E+00
  4.590000E+03,  2.069375E-07,  1.650326E-07,  0.000000E+00,  0.000000E+00
  4.610000E+03,  2.157709E-07,  1.681934E-07,  0.000000E+00,  0.000000E+00
  4.630000E+03,  2.163936E-07,  1.641345E-07,  0.000000E+00,  0.000000E+00
  4.650000E+03,  2.179278E-07,  1.607218E-07,  0.000000E+00,  0.000000E+00
  4.670000E+03,  2.235289E-07,  1.601585E-07,  0.000000E+00,  0.000000E+00
  4.690000E+03,  2.240349E-07,  1.558163E-07,  0.000000E+00,  0.000000E+00
  4.710000E+03,  2.211458E-07,  1.491628E-07,  0.000000E+00,  0.000000E+00
  4.730000E+03,  2.270523E-07,  1.483787E-07,  0.000000E+00,  0.000000E+00
  4.750000E+03,  2.310603E-07,  1.461457E-07,  0.000000E+00,  0.000000E+00
  4.770000E+03,  2.305256E-07,  1.409664E-07,  0.000000E+00,  0.000000E+00
  4.790000E+03,  2.302523E-07,  1.359640E-07,  0.000000E+00,  0.000000E+00
  4.810000E+03,  2.318246E-07,  1.319082E-07,  0.000000E+00,  0.000000E+00
  4.830000E+03,  2.308397E-07,  1.262693E-07,  0.000000E+00,  0.000000E+00
  4.850000E+03,  2.279563E-07,  1.196771E-07,  0.000000E+00,  0.000000E+00
  4.870000E+03,  2.165615E-07,  1.089304E-07,  0.000000E+00,  0.000000E+00
  4.890000E+03,  2.319690E-07,  1.115771E-07,  0.000000E+00,  0.000000E+00
  4.910000E+03,  2.325297E-07,  1.067311E-07,  0.000000E+00,  0.000000E+00
  4.930000E+03,  2.299396E-07,  1.004836E-07,  0.000000E+00,  0.000000E+00
  4.950000E+03,  2.382700E-07,  9.888207E-08,  0.000000E+00,  0.000000E+00
  4.970000E+03,  2.424418E-07,  9.527964E-08,  0.000000E+00,  0.000000E+00
  4.990000E+03,  2.299786E-07,  8.532205E-08,  0.000000E+00,  0.000000E+00
  5.010000E+03,  2.239187E-07,  7.825957E-08,  0.000000E+00,  0.000000E+00
  5.030000E+03,  2.360867E-07,  7.755450E-08,  0.000000E+00,  0.000000E+00
  5.050000E+03,  2.362966E-07,  7.266120E-08,  0.000000E+00,  0.000000E+00
  5.070000E+03,  2.435824E-07,  6.978636E-08,  0.000000E+00,  0.000000E+00
  5.090000E+03,  2.370062E-07,  6.292515E-08,  0.000000E+00,  0.000000E+00
  5.110000E+03,  2.392302E-07,  5.849178E-08,  0.000000E+00,  0.000000E+00
  5.130000E+03,  2.351763E-07,  5.256190E-08,  0.000000E+00,  0.000000E+00
  5.150000E+03,  2.315482E-07,  4.688851E-08,  0.000000E+00,  0.000000E+00
  5.170000E+03,  2.282451E-07,  4.142649E-08,  0.000000E+00,  0.000000E+00
  5.190000E+03,  2.322131E-07,  3.727020E-08,  0.000000E+00,  0.000000E+00
  5.210000E+03,  2.336088E-07,  3.375647E-08,  0.000000E+00,  0.000000E+00
  5.230000E+03,  2.388079E-07,  3.188086E-08,  0.000000E+00,  0.000000E+00
  5.250000E+03,  2.439052E-07,  2.987838E-08,  0.000000E+00,  0.000000E+00
  5.270000E+03,  2.303829E-07,  2.568769E-08,  0.000000E+00,  0.000000E+00
  5.290000E+03,  2.465480E-07,  2.477808E-08,  0.000000E+00,  0.000000E+00
  5.310000E+03,  2.514789E-07,  2.250736E-08,  0.000000E+00,  0.000000E+00
  5.330000E+03,  2.394123E-07,  1.879387E-08,  0.000000E+00,  0.000000E+00
  5.350000E+03,  2.512776E-07,  1.696123E-08,  0.000000E+00,  0.000000E+00
  5.370000E+03,  2.511234E-07,  1.418847E-08,  0.000000E+00,  0.000000E+00
  5.390000E+03,  2.486107E-07,  1.131179E-08,  0.000000E+00,  0.000000E+00
  5.410000E+03,  2.465409E-07,  9.368553E-09,  0.000000E+00,  0.000000E+00
  5.430000E+03,  2.470325E-07,  8.399104E-09,  0.000000E+00,  0.000000E+00
  5.450000E+03,  2.537933E-07,  7.613798E-09,  0.000000E+00,  0.000000E+00
  5.470000E+03,  2.525474E-07,  6.566232E-09,  0.000000E+00,  0.000000E+00
  5.490000E+03,  2.531865E-07,  5.570103E-09,  0.000000E+00,  0.000000E+00
  5.510000E+03,  2.526303E-07,  4.547345E-09,  0.000000E+00,  0.000000E+00
  5.530000E+03,  2.555348E-07,  3.577487E-09,  0.000000E+00,  0.000000E+00
  5.550000E+03,  2.590840E-07,  2.590840E-09,  0.000000E+00,  0.000000E+00
  5.570000E+03,  2.544212E-07,  1.526527E-09,  0.000000E+00,  0.000000E+00
  5.590000E+03,  2.519913E-07,  5.039826E-10,  0.000000E+00,  0.000000E+00
  5.610000E+03,  2.557709E-07,  0.000000E+00,  0.000000E+00,  0.000000E+00
  5.630000E+03,  2.587523E-07,  0.000000E+00,  0.000000E+00,  0.000000E+00
  5.650000E+03,  2.580745E-07,  0.000000E+00,  0.000000E+00,  0.000000E+00
  5.670000E+03,  2.544824E-07,  0.000000E+00,  0.000000E+00,  0.000000E+00
  5.690000E+03,  2.590046E-07,  0.000000E+00,  0.000000E+00,  0.000000E+00
  5.710000E+03,  2.531514E-07,  0.000000E+00,  0.000000E+00,  0.000000E+00
  5.730000E+03,  2.635373E-07,  0.000000E+00,  0.000000E+00,  0.000000E+00
  5.750000E+03,  2.601908E-07,  0.000000E+00,  0.000000E+00,  0.000000E+00
  5.770000E+03,  2.618972E-07,  0.000000E+00,  0.000000E+00,  0.000000E+00
  5.790000E+03,  2.586283E-07,  0.000000E+00,  0.000000E+00,  0.000000E+00
  5.810000E+03,  2.614575E-07,  0.000000E+00,  0.000000E+00,  0.000000E+00
  5.830000E+03,  2.636237E-07,  0.000000E+00,  0.000000E+00,  0.000000E+00
  5.850000E+03,  2.599200E-07,  0.000000E+00,  0.000000E+00,  0.000000E+00
  5.870000E+03,  2.611977E-07,  0.000000E+00,  0.000000E+00,  0.000000E+00
  5.890000E+03,  2.527044E-07,  0.000000E+00,  0.000000E+00,  0.000000E+00
  5.910000E+03,  2.601091E-07,  0.000000E+00,  0.000000E+00,  0.000000E+00
  5.930000E+03,  2.602646E-07,  0.000000E+00,  0.000000E+00,  0.000000E+00
  5.950000E+03,  2.604488E-07,  0.000000E+00,  0.000000E+00,  0.000000E+00
  5.970000E+03,  2.613584E-07,  0.000000E+00,  0.000000E+00,  0.000000E+00
  5.990000E+03,  2.603309E-07,  0.000000E+00,  0.000000E+00,  0.000000E+00
  6.010000E+03,  2.578992E-07,  0.000000E+00,  0.000000E+00,  0.000000E+00
  6.030000E+03,  2.591521E-07,  0.000000E+00,  0.000000E+00,  0.000000E+00
  6.050000E+03,  2.619738E-07,  0.000000E+00,  0.000000E+00,  0.000000E+00
  6.070000E+03,  2.602406E-07,  0.000000E+00,  0.000000E+00,  0.000000E+00
  6.090000E+03,  2.582875E-07,  0.000000E+00,  0.000000E+00,  0.000000E+00
  6.110000E+03,  2.569617E-07,  0.000000E+00,  0.000000E+00,  0.000000E+00
  6.130000E+03,  2.512987E-07,  0.000000E+00,  0.000000E+00,  0.000000E+00
  6.150000E+03,  2.542138E-07,  0.000000E+00,  0.000000E+00,  0.000000E+00
  6.170000E+03,  2.502216E-07,  0.000000E+00,  0.000000E+00,  0.000000E+00
  6.190000E+03,  2.561166E-07,  0.000000E+00,  0.000000E+00,  0.000000E+00
  6.210000E+03,  2.566380E-07,  0.000000E+00,  0.000000E+00,  0.000000E+00
  6.230000E+03,  2.524908E-07,  0.000000E+00,  0.000000E+00,  0.000000E+00
  6.250000E+03,  2.468417E-07,  0.000000E+00,  0.000000E+00,  0.000000E+00
  6.270000E+03,  2.545888E-07,  0.000000E+00,  0.000000E+00,  0.000000E+00
  6.290000E+03,  2.547231E-07,  0.000000E+00,  0.000000E+00,  0.000000E+00
  6.310000E+03,  2.505843E-07,  0.000000E+00,  0.000000E+00,  0.000000E+00
  6.330000E+03,  2.524731E-07,  0.000000E+00,  0.000000E+00,  0.000000E+00
  6.350000E+03,  2.545244E-07,  0.000000E+00,  0.000000E+00,  0.000000E+00
  6.370000E+03,  2.541722E-07,  0.000000E+00,  0.000000E+00,  0.000000E+00
  6.390000E+03,  2.532320E-07,  0.000000E+00,  0.000000E+00,  0.000000E+00
  6.410000E+03,  2.497343E-07,  0.000000E+00,  0.000000E+00,  0.000000E+00
  6.430000E+03,  2.511673E-07,  0.000000E+00,  0.000000E+00,  0.000000E+00
  6.450000E+03,  2.510482E-07,  0.000000E+00,  0.000000E+00,  0.000000E+00
  6.470000E+03,  2.502917E-07,  0.000000E+00,  0.000000E+00,  0.000000E+00
  6.490000E+03,  2.458862E-07,  0.000000E+00,  0.000000E+00,  0.000000E+00
  6.510000E+03,  2.511535E-07,  0.000000E+00,  0.000000E+00,  0.000000E+00
  6.530000E+03,  2.527220E-07,  0.000000E+00,  0.000000E+00,  0.000000E+00
  6.550000E+03,  2.498559E-07,  0.000000E+00,  0.000000E+00,  0.000000E+00
  6.570000E+03,  2.361019E-07,  0.000000E+00,  0.000000E+00,  0.000000E+00
  6.590000E+03,  2.489477E-07,  0.000000E+00,  0.000000E+00,  0.000000E+00
  6.610000E+03,  2.494915E-07,  0.000000E+00,  0.000000E+00,  0.000000E+00
  6.630000E+03,  2.503649E-07,  0.000000E+00,  0.000000E+00,  0.000000E+00
  6.650000E+03,  2.489476E-07,  0.000000E+00,  0.000000E+00,  0.000000E+00
  6.670000E+03,  2.473182E-07,  0.000000E+00,  0.000000E+00,  0.000000E+00
  6.690000E+03,  2.501388E-07,  0.000000E+00,  0.000000E+00,  0.000000E+00
  6.710000E+03,  2.471254E-07,  0.000000E+00,  0.000000E+00,  0.000000E+00
  6.730000E+03,  2.490516E-07,  0.000000E+00,  0.000000E+00,  0.000000E+00
  6.750000E+03,  2.468132E-07,  0.000000E+00,  0.000000E+00,  0.000000E+00
  6.770000E+03,  2.466137E-07,  0.000000E+00,  0.000000E+00,  0.000000E+00
  6.790000E+03,  2.466367E-07,  0.000000E+00,  0.000000E+00,  0.000000E+00
  6.810000E+03,  2.456402E-07,  0.000000E+00,  0.000000E+00,  0.000000E+00
  6.830000E+03,  2.463460E-07,  0.000000E+00,  0.000000E+00,  0.000000E+00
  6.850000E+03,  2.438253E-07,  0.000000E+00,  0.000000E+00,  0.000000E+00
  6.870000E+03,  2.440826E-07,  0.000000E+00,  0.000000E+00,  0.000000E+00
  6.890000E+03,  2.451744E-07,  0.000000E+00,  0.000000E+00,  0.000000E+00
  6.910000E+03,  2.437615E-07,  0.000000E+00,  0.000000E+00,  0.000000E+00
  6.930000E+03,  2.434151E-07,  0.000000E+00,  0.000000E+00,  0.000000E+00
  6.950000E+03,  2.416203E-07,  0.000000E+00,  0.000000E+00,  0.000000E+00
  6.970000E+03,  2.423865E-07,  0.000000E+00,  0.000000E+00,  0.000000E+00
  6.990000E+03,  2.411177E-07,  0.000000E+00,  0.000000E+00,  0.000000E+00
  7.010000E+03,  2.385764E-07,  0.000000E+00,  0.000000E+00,  0.000000E+00
  7.030000E+03,  2.398342E-07,  0.000000E+00,  0.000000E+00,  0.000000E+00
  7.050000E+03,  2.399875E-07,  0.000000E+00,  0.000000E+00,  0.000000E+00
  7.070000E+03,  2.386003E-07,  0.000000E+00,  0.000000E+00,  0.000000E+00
  7.090000E+03,  2.381671E-07,  0.000000E+00,  0.000000E+00,  0.000000E+00
  7.110000E+03,  2.379309E-07,  0.000000E+00,  0.000000E+00,  0.000000E+00
  7.130000E+03,  2.356307E-07,  0.000000E+00,  0.000000E+00,  0.000000E+00
  7.150000E+03,  2.349243E-07,  0.000000E+00,  0.000000E+00,  0.000000E+00
  7.170000E+03,  2.354910E-07,  0.000000E+00,  0.000000E+00,  0.000000E+00
  7.190000E+03,  2.312685E-07,  0.000000E+00,  0.000000E+00,  0.000000E+00
  7.210000E+03,  2.325721E-07,  0.000000E+00,  0.000000E+00,  0.000000E+00
  7.230000E+03,  2.337759E-07,  0.000000E+00,  0.000000E+00,  0.000000E+00
  7.250000E+03,  2.339894E-07,  0.000000E+00,  0.000000E+00,  0.000000E+00
  7.270000E+03,  2.331738E-07,  0.000000E+00,  0.000000E+00,  0.000000E+00
  7.290000E+03,  2.303079E-07,  0.000000E+00,  0.000000E+00,  0.000000E+00
  7.310000E+03,  2.311146E-07,  0.000000E+00,  0.000000E+00,  0.000000E+00
  7.330000E+03,  2.306982E-07,  0.000000E+00,  0.000000E+00,  0.000000E+00
  7.350000E+03,  2.305977E-07,  0.000000E+00,  0.000000E+00,  0.000000E+00
  7.370000E+03,  2.313628E-07,  0.000000E+00,  0.000000E+00,  0.000000E+00
  7.390000E+03,  2.285182E-07,  0.000000E+00,  0.000000E+00,  0.000000E+00
  7.410000E+03,  2.258907E-07,  0.000000E+00,  0.000000E+00,  0.000000E+00
  7.430000E+03,  2.274540E-07,  0.000000E+00,  0.000000E+00,  0.000000E+00
  7.450000E+03,  2.275260E-07,  0.000000E+00,  0.000000E+00,  0.000000E+00
  7.470000E+03,  2.276598E-07,  0.000000E+00,  0.000000E+00,  0.000000E+00
  7.490000E+03,  2.262834E-07,  0.000000E+00,  0.000000E+00,  0.000000E+00
  7.510000E+03,  2.261437E-07,  0.000000E+00,  0.000000E+00,  0.000000E+00
  7.530000E+03,  2.259793E-07,  0.000000E+00,  0.000000E+00,  0.000000E+00
  7.550000E+03,  2.262960E-07,  0.000000E+00,  0.000000E+00,  0.000000E+00
  7.570000E+03,  2.250810E-07,  0.000000E+00,  0.000000E+00,  0.000000E+00
  7.590000E+03,  2.241416E-07,  0.000000E+00,  0.000000E+00,  0.000000E+00
  7.610000E+03,  2.240580E-07,  0.000000E+00,  0.000000E+00,  0.000000E+00
  7.630000E+03,  2.236883E-07,  0.000000E+00,  0.000000E+00,  0.000000E+00
  7.650000E+03,  2.234069E-07,  0.000000E+00,  0.000000E+00,  0.000000E+00
  7.670000E+03,  2.198774E-07,  0.000000E+00,  0.000000E+00,  0.000000E+00
  7.690000E+03,  2.224826E-07,  0.000000E+00,  0.000000E+00,  0.000000E+00
  7.710000E+03,  2.192034E-07,  0.000000E+00,  0.000000E+00,  0.000000E+00
  7.730000E+03,  2.195241E-07,  0.000000E+00,  0.000000E+00,  0.000000E+00
  7.750000E+03,  2.184839E-07,  0.000000E+00,  0.000000E+00,  0.000000E+00
  7.770000E+03,  2.202460E-07,  0.000000E+00,  0.000000E+00,  0.000000E+00
  7.790000E+03,  2.188007E-07,  0.000000E+00,  0.000000E+00,  0.000000E+00
  7.810000E+03,  2.191696E-07,  0.000000E+00,  0.000000E+00,  0.000000E+00
  7.830000E+03,  2.172986E-07,  0.000000E+00,  0.000000E+00,  0.000000E+00
  7.850000E+03,  2.170264E-07,  0.000000E+00,  0.000000E+00,  0.000000E+00
  7.870000E+03,  2.171634E-07,  0.000000E+00,  0.000000E+00,  0.000000E+00
  7.890000E+03,  2.155371E-07,  0.000000E+00,  0.000000E+00,  0.000000E+00
  7.910000E+03,  2.133602E-07,  0.000000E+00,  0.000000E+00,  0.000000E+00
  7.930000E+03,  2.118904E-07,  0.000000E+00,  0.000000E+00,  0.000000E+00
  7.950000E+03,  2.110224E-07,  0.000000E+00,  0.000000E+00,  0.000000E+00
  7.970000E+03,  2.131174E-07,  0.000000E+00,  0.000000E+00,  0.000000E+00
  7.990000E+03,  2.124634E-07,  0.000000E+00,  0.000000E+00,  0.000000E+00
  8.010000E+03,  2.110134E-07,  0.000000E+00,  0.000000E+00,  0.000000E+00
  8.030000E+03,  2.110067E-07,  0.000000E+00,  0.000000E+00,  0.000000E+00
  8.050000E+03,  2.092538E-07,  0.000000E+00,  0.000000E+00,  0.000000E+00
  8.070000E+03,  2.096646E-07,  0.000000E+00,  0.000000E+00,  0.000000E+00
  8.090000E+03,  2.073387E-07,  0.000000E+00,  0.000000E+00,  0.000000E+00
  8.110000E+03,  2.080403E-07,  0.000000E+00,  0.000000E+00,  0.000000E+00
  8.130000E+03,  2.079505E-07,  0.000000E+00,  0.000000E+00,  0.000000E+00
  8.150000E+03,  2.073208E-07,  0.000000E+00,  0.000000E+00,  0.000000E+00
  8.170000E+03,  2.068347E-07,  0.000000E+00,  0.000000E+00,  0.000000E+00
  8.190000E+03,  2.038135E-07,  0.000000E+00,  0.000000E+00,  0.000000E+00
  8.210000E+03,  2.041379E-07,  0.000000E+00,  0.000000E+00,  0.000000E+00
  8.230000E+03,  2.032684E-07,  0.000000E+00,  0.000000E+00,  0.000000E+00
  8.250000E+03,  2.040023E-07,  0.000000E+00,  0.000000E+00,  0.000000E+00
  8.270000E+03,  2.044685E-07,  0.000000E+00,  0.000000E+00,  0.000000E+00
  8.290000E+03,  2.035495E-07,  0.000000E+00,  0.000000E+00,  0.000000E+00
  8.310000E+03,  2.016590E-07,  0.000000E+00,  0.000000E+00,  0.000000E+00
  8.330000E+03,  1.997131E-07,  0.000000E+00,  0.000000E+00,  0.000000E+00
  8.350000E+03,  2.011551E-07,  0.000000E+00,  0.000000E+00,  0.000000E+00
  8.370000E+03,  2.004671E-07,  0.000000E+00,  0.000000E+00,  0.000000E+00
  8.390000E+03,  1.972468E-07,  0.000000E+00,  0.000000E+00,  0.000000E+00
  8.410000E+03,  1.997107E-07,  0.000000E+00,  0.000000E+00,  0.000000E+00
  8.430000E+03,  1.971435E-07,  0.000000E+00,  0.000000E+00,  0.000000E+00
  8.450000E+03,  1.987487E-07,  0.000000E+00,  0.000000E+00,  0.000000E+00
  8.470000E+03,  1.966957E-07,  0.000000E+00,  0.000000E+00,  0.000000E+00
  8.490000E+03,  1.950142E-07,  0.000000E+00,  0.000000E+00,  0.000000E+00
  8.510000E+03,  1.866032E-07,  0.000000E+00,  0.000000E+00,  0.000000E+00
  8.530000E+03,  1.937264E-07,  0.000000E+00,  0.000000E+00,  0.000000E+00
  8.550000E+03,  1.677600E-07,  0.000000E+00,  0.000000E+00,  0.000000E+00
  8.570000E+03,  1.957114E-07,  0.000000E+00,  0.000000E+00,  0.000000E+00
  8.590000E+03,  1.941581E-07,  0.000000E+00,  0.000000E+00,  0.000000E+00
  8.610000E+03,  1.930869E-07,  0.000000E+00,  0.000000E+00,  0.000000E+00
  8.630000E+03,  1.938053E-07,  0.000000E+00,  0.000000E+00,  0.000000E+00
  8.650000E+03,  1.923528E-07,  0.000000E+00,  0.000000E+00,  0.000000E+00
  8.670000E+03,  1.691558E-07,  0.000000E+00,  0.000000E+00,  0.000000E+00
  8.690000E+03,  1.896914E-07,  0.000000E+00,  0.000000E+00,  0.000000E+00
  8.710000E+03,  1.915538E-07,  0.000000E+00,  0.000000E+00,  0.000000E+00
  8.730000E+03,  1.912185E-07,  0.000000E+00,  0.000000E+00,  0.000000E+00
  8.750000E+03,  1.887320E-07,  0.000000E+00,  0.000000E+00,  0.000000E+00
  8.770000E+03,  1.905458E-07,  0.000000E+00,  0.000000E+00,  0.000000E+00
  8.790000E+03,  1.892836E-07,  0.000000E+00,  0.000000E+00,  0.000000E+00
  8.810000E+03,  1.870020E-07,  0.000000E+00,  0.000000E+00,  0.000000E+00
  8.830000E+03,  1.871342E-07,  0.000000E+00,  0.000000E+00,  0.000000E+00
  8.850000E+03,  1.873878E-07,  0.000000E+00,  0.000000E+00,  0.000000E+00
  8.870000E+03,  1.851167E-07,  0.000000E+00,  0.000000E+00,  0.000000E+00
  8.890000E+03,  1.872919E-07,  0.000000E+00,  0.000000E+00,  0.000000E+00
  8.910000E+03,  1.868202E-07,  0.000000E+00,  0.000000E+00,  0.000000E+00
  8.930000E+03,  1.853493E-07,  0.000000E+00,  0.000000E+00,  0.000000E+00
  8.950000E+03,  1.843167E-07,  0.000000E+00,  0.000000E+00,  0.000000E+00
  8.970000E+03,  1.845205E-07,  0.000000E+00,  0.000000E+00,  0.000000E+00
  8.990000E+03,  1.843289E-07,  0.000000E+00,  0.000000E+00,  0.000000E+00
  9.010000E+03,  1.798490E-07,  0.000000E+00,  0.000000E+00,  0.000000E+00
  9.030000E+03,  1.828645E-07,  0.000000E+00,  0.000000E+00,  0.000000E+00
  9.050000E+03,  1.831684E-07,  0.000000E+00,  0.000000E+00,  0.000000E+00
  9.070000E+03,  1.815541E-07,  0.000000E+00,  0.000000E+00,  0.000000E+00
  9.090000E+03,  1.781828E-07,  0.000000E+00,  0.000000E+00,  0.000000E+00
  9.110000E+03,  1.795813E-07,  0.000000E+00,  0.000000E+00,  0.000000E+00
  9.130000E+03,  1.800862E-07,  0.000000E+00,  0.000000E+00,  0.000000E+00
  9.150000E+03,  1.780460E-07,  0.000000E+00,  0.000000E+00,  0.000000E+00
  9.170000E+03,  1.767007E-07,  0.000000E+00,  0.000000E+00,  0.000000E+00
  9.190000E+03,  1.764088E-07,  0.000000E+00,  0.000000E+00,  0.000000E+00
  9.210000E+03,  1.741552E-07,  0.000000E+00,  0.000000E+00,  0.000000E+00
  9.230000E+03,  1.731739E-07,  0.000000E+00,  0.000000E+00,  0.000000E+00
  9.250000E+03,  1.730353E-07,  0.000000E+00,  0.000000E+00,  0.000000E+00
  9.270000E+03,  1.742046E-07,  0.000000E+00,  0.000000E+00,  0.000000E+00
  9.290000E+03,  1.735035E-07,  0.000000E+00,  0.000000E+00,  0.000000E+00
  9.310000E+03,  1.738862E-07,  0.000000E+00,  0.000000E+00,  0.000000E+00
  9.330000E+03,  1.734602E-07,  0.000000E+00,  0.000000E+00,  0.000000E+00
  9.350000E+03,  1.724905E-07,  0.000000E+00,  0.000000E+00,  0.000000E+00
  9.370000E+03,  1.714090E-07,  0.000000E+00,  0.000000E+00,  0.000000E+00
  9.390000E+03,  1.713631E-07,  0.000000E+00,  0.000000E+00,  0.000000E+00
  9.410000E+03,  1.684896E-07,  0.000000E+00,  0.000000E+00,  0.000000E+00
  9.430000E+03,  1.697913E-07,  0.000000E+00,  0.000000E+00,  0.000000E+00
  9.450000E+03,  1.688295E-07,  0.000000E+00,  0.000000E+00,  0.000000E+00
  9.470000E+03,  1.694401E-07,  0.000000E+00,  0.000000E+00,  0.000000E+00
  9.490000E+03,  1.690212E-07,  0.000000E+00,  0.000000E+00,  0.000000E+00
  9.510000E+03,  1.688866E-07,  0.000000E+00,  0.000000E+00,  0.000000E+00
  9.530000E+03,  1.679150E-07,  0.000000E+00,  0.000000E+00,  0.000000E+00
  9.550000E+03,  1.664476E-07,  0.000000E+00,  0.000000E+00,  0.000000E+00
  9.570000E+03,  1.670506E-07,  0.000000E+00,  0.000000E+00,  0.000000E+00
  9.590000E+03,  1.670208E-07,  0.000000E+00,  0.000000E+00,  0.000000E+00
  9.610000E+03,  1.662006E-07,  0.000000E+00,  0.000000E+00,  0.000000E+00
  9.630000E+03,  1.653486E-07,  0.000000E+00,  0.000000E+00,  0.000000E+00
  9.650000E+03,  1.641058E-07,  0.000000E+00,  0.000000E+00,  0.000000E+00
  9.670000E+03,  1.637126E-07,  0.000000E+00,  0.000000E+00,  0.000000E+00
  9.690000E+03,  1.644034E-07,  0.000000E+00,  0.000000E+00,  0.000000E+00
  9.710000E+03,  1.636639E-07,  0.000000E+00,  0.000000E+00,  0.000000E+00
  9.730000E+03,  1.632550E-07,  0.000000E+00,  0.000000E+00,  0.000000E+00
  9.750000E+03,  1.621566E-07,  0.000000E+00,  0.000000E+00,  0.000000E+00
  9.770000E+03,  1.623441E-07,  0.000000E+00,  0.000000E+00,  0.000000E+00
  9.790000E+03,  1.611859E-07,  0.000000E+00,  0.000000E+00,  0.000000E+00
  9.810000E+03,  1.618347E-07,  0.000000E+00,  0.000000E+00,  0.000000E+00
  9.830000E+03,  1.614339E-07,  0.000000E+00,  0.000000E+00,  0.000000E+00
  9.850000E+03,  1.610151E-07,  0.000000E+00,  0.000000E+00,  0.000000E+00
  9.870000E+03,  1.602421E-07,  0.000000E+00,  0.000000E+00,  0.000000E+00
  9.890000E+03,  1.598266E-07,  0.000000E+00,  0.000000E+00,  0.000000E+00
  9.910000E+03,  1.592859E-07,  0.000000E+00,  0.000000E+00,  0.000000E+00
  9.930000E+03,  1.592821E-07,  0.000000E+00,  0.000000E+00,  0.000000E+00
  9.950000E+03,  1.587819E-07,  0.000000E+00,  0.000000E+00,  0.000000E+00
  9.970000E+03,  1.584196E-07,  0.000000E+00,  0.000000E+00,  0.000000E+00
  9.990000E+03,  1.579603E-07,  0.000000E+00,  0.000000E+00,  0.000000E+00
  1.002500E+04,  1.567542E-07,  0.000000E+00,  0.000000E+00,  0.000000E+00
  1.007500E+04,  1.552130E-07,  0.000000E+00,  0.000000E+00,  0.000000E+00
  1.012500E+04,  1.543439E-07,  0.000000E+00,  0.000000E+00,  0.000000E+00
  1.017500E+04,  1.528196E-07,  0.000000E+00,  0.000000E+00,  0.000000E+00
  1.022500E+04,  1.519414E-07,  0.000000E+00,  0.000000E+00,  0.000000E+00
  1.027500E+04,  1.512416E-07,  0.000000E+00,  0.000000E+00,  0.000000E+00
  1.032500E+04,  1.489258E-07,  0.000000E+00,  0.000000E+00,  0.000000E+00
  1.037500E+04,  1.482353E-07,  0.000000E+00,  0.000000E+00,  0.000000E+00
  1.042500E+04,  1.478131E-07,  0.000000E+00,  0.000000E+00,  0.000000E+00
  1.047500E+04,  1.460991E-07,  0.000000E+00,  0.000000E+00,  0.000000E+00
  1.052500E+04,  1.455539E-07,  0.000000E+00,  0.000000E+00,  0.000000E+00
  1.057500E+04,  1.440288E-07,  0.000000E+00,  0.000000E+00,  0.000000E+00
  1.062500E+04,  1.426513E-07,  0.000000E+00,  0.000000E+00,  0.000000E+00
  1.067500E+04,  1.408291E-07,  0.000000E+00,  0.000000E+00,  0.000000E+00
  1.072500E+04,  1.407157E-07,  0.000000E+00,  0.000000E+00,  0.000000E+00
  1.077500E+04,  1.391674E-07,  0.000000E+00,  0.000000E+00,  0.000000E+00
  1.082500E+04,  1.375611E-07,  0.000000E+00,  0.000000E+00,  0.000000E+00
  1.087500E+04,  1.367877E-07,  0.000000E+00,  0.000000E+00,  0.000000E+00
  1.092500E+04,  1.351221E-07,  0.000000E+00,  0.000000E+00,  0.000000E+00
  1.097500E+04,  1.328100E-07,  0.000000E+00,  0.000000E+00,  0.000000E+00
  1.102500E+04,  1.320283E-07,  0.000000E+00,  0.000000E+00,  0.000000E+00
  1.107500E+04,  1.317932E-07,  0.000000E+00,  0.000000E+00,  0.000000E+00
  1.112500E+04,  1.306766E-07,  0.000000E+00,  0.000000E+00,  0.000000E+00
  1.117500E+04,  1.301181E-07,  0.000000E+00,  0.000000E+00,  0.000000E+00
  1.122500E+04,  1.296136E-07,  0.000000E+00,  0.000000E+00,  0.000000E+00
  1.127500E+04,  1.280417E-07,  0.000000E+00,  0.000000E+00,  0.000000E+00
  1.132500E+04,  1.278727E-07,  0.000000E+00,  0.000000E+00,  0.000000E+00
  1.137500E+04,  1.264991E-07,  0.000000E+00,  0.000000E+00,  0.000000E+00
  1.142500E+04,  1.254498E-07,  0.000000E+00,  0.000000E+00,  0.000000E+00
  1.147500E+04,  1.256048E-07,  0.000000E+00,  0.000000E+00,  0.000000E+00
  1.152500E+04,  1.249184E-07,  0.000000E+00,  0.000000E+00,  0.000000E+00
  1.157500E+04,  1.235627E-07,  0.000000E+00,  0.000000E+00,  0.000000E+00
  1.162500E+04,  1.219934E-07,  0.000000E+00,  0.000000E+00,  0.000000E+00
  1.167500E+04,  1.216937E-07,  0.000000E+00,  0.000000E+00,  0.000000E+00
  1.172500E+04,  1.217688E-07,  0.000000E+00,  0.000000E+00,  0.000000E+00
  1.177500E+04,  1.199952E-07,  0.000000E+00,  0.000000E+00,  0.000000E+00
  1.182500E+04,  1.191933E-07,  0.000000E+00,  0.000000E+00,  0.000000E+00
  1.187500E+04,  1.179464E-07,  0.000000E+00,  0.000000E+00,  0.000000E+00
  1.192500E+04,  1.185291E-07,  0.000000E+00,  0.000000E+00,  0.000000E+00
  1.197500E+04,  1.158860E-07,  0.000000E+00,  0.000000E+00,  0.000000E+00
  1.202500E+04,  1.162201E-07,  0.000000E+00,  0.000000E+00,  0.000000E+00
  1.207500E+04,  1.153484E-07,  0.000000E+00,  0.000000E+00,  0.000000E+00
  1.212500E+04,  1.148928E-07,  0.000000E+00,  0.000000E+00,  0.000000E+00
  1.217500E+04,  1.145610E-07,  0.000000E+00,  0.000000E+00,  0.000000E+00
  1.222500E+04,  1.138070E-07,  0.000000E+00,  0.000000E+00,  0.000000E+00
  1.227500E+04,  1.127769E-07,  0.000000E+00,  0.000000E+00,  0.000000E+00
  1.232500E+04,  1.123105E-07,  0.000000E+00,  0.000000E+00,  0.000000E+00
  1.237500E+04,  1.114686E-07,  0.000000E+00,  0.000000E+00,  0.000000E+00
  1.242500E+04,  1.108095E-07,  0.000000E+00,  0.000000E+00,  0.000000E+00
  1.247500E+04,  1.101873E-07,  0.000000E+00,  0.000000E+00,  0.000000E+00
  1.252500E+04,  1.094138E-07,  0.000000E+00,  0.000000E+00,  0.000000E+00
  1.257500E+04,  1.086943E-07,  0.000000E+00,  0.000000E+00,  0.000000E+00
  1.262500E+04,  1.079686E-07,  0.000000E+00,  0.000000E+00,  0.000000E+00
  1.267500E+04,  1.072924E-07,  0.000000E+00,  0.000000E+00,  0.000000E+00
  1.272500E+04,  1.067666E-07,  0.000000E+00,  0.000000E+00,  0.000000E+00
  1.277500E+04,  1.061361E-07,  0.000000E+00,  0.000000E+00,  0.000000E+00
  1.282500E+04,  1.037752E-07,  0.000000E+00,  0.000000E+00,  0.000000E+00
  1.287500E+04,  1.046827E-07,  0.000000E+00,  0.000000E+00,  0.000000E+00
  1.292500E+04,  1.038629E-07,  0.000000E+00,  0.000000E+00,  0.000000E+00
  1.297500E+04,  1.035274E-07,  0.000000E+00,  0.000000E+00,  0.000000E+00
  1.302500E+04,  1.028750E-07,  0.000000E+00,  0.000000E+00,  0.000000E+00
  1.307500E+04,  1.023420E-07,  0.000000E+00,  0.000000E+00,  0.000000E+00
  1.312500E+04,  1.013358E-07,  0.000000E+00,  0.000000E+00,  0.000000E+00
  1.317500E+04,  1.006265E-07,  0.000000E+00,  0.000000E+00,  0.000000E+00
  1.322500E+04,  1.005138E-07,  0.000000E+00,  0.000000E+00,  0.000000E+00
  1.327500E+04,  9.941523E-08,  0.000000E+00,  0.000000E+00,  0.000000E+00
  1.332500E+04,  9.920580E-08,  0.000000E+00,  0.000000E+00,  0.000000E+00
  1.337500E+04,  9.866979E-08,  0.000000E+00,  0.000000E+00,  0.000000E+00
  1.342500E+04,  9.830114E-08,  0.000000E+00,  0.000000E+00,  0.000000E+00
  1.347500E+04,  9.773933E-08,  0.000000E+00,  0.000000E+00,  0.000000E+00
  1.352500E+04,  9.721406E-08,  0.000000E+00,  0.000000E+00,  0.000000E+00
  1.357500E+04,  9.633609E-08,  0.000000E+00,  0.000000E+00,  0.000000E+00
  1.362500E+04,  9.574769E-08,  0.000000E+00,  0.000000E+00,  0.000000E+00
  1.367500E+04,  9.549379E-08,  0.000000E+00,  0.000000E+00,  0.000000E+00
  1.372500E+04,  9.494515E-08,  0.000000E+00,  0.000000E+00,  0.000000E+00
  1.377500E+04,  9.449851E-08,  0.000000E+00,  0.000000E+00,  0.000000E+00
  1.382500E+04,  9.404506E-08,  0.000000E+00,  0.000000E+00,  0.000000E+00
  1.387500E+04,  9.334748E-08,  0.000000E+00,  0.000000E+00,  0.000000E+00
  1.392500E+04,  9.301333E-08,  0.000000E+00,  0.000000E+00,  0.000000E+00
  1.397500E+04,  9.254269E-08,  0.000000E+00,  0.000000E+00,  0.000000E+00
  1.402500E+04,  9.180883E-08,  0.000000E+00,  0.000000E+00,  0.000000E+00
  1.407500E+04,  9.141222E-08,  0.000000E+00,  0.000000E+00,  0.000000E+00
  1.412500E+04,  9.046600E-08,  0.000000E+00,  0.000000E+00,  0.000000E+00
  1.417500E+04,  9.022353E-08,  0.000000E+00,  0.000000E+00,  0.000000E+00
  1.422500E+04,  8.926884E-08,  0.000000E+00,  0.000000E+00,  0.000000E+00
  1.427500E+04,  8.868293E-08,  0.000000E+00,  0.000000E+00,  0.000000E+00
  1.432500E+04,  8.885844E-08,  0.000000E+00,  0.000000E+00,  0.000000E+00
  1.437500E+04,  8.868110E-08,  0.000000E+00,  0.000000E+00,  0.000000E+00
  1.442500E+04,  8.729294E-08,  0.000000E+00,  0.000000E+00,  0.000000E+00
  1.447500E+04,  8.792502E-08,  0.000000E+00,  0.000000E+00,  0.000000E+00
  1.452500E+04,  8.677727E-08,  0.000000E+00,  0.000000E+00,  0.000000E+00
  1.457000E+04,  8.657369E-08,  0.000000E+00,  0.000000E+00,  0.000000E+00
  1.462000E+04,  8.628337E-08,  0.000000E+00,  0.000000E+00,  0.000000E+00
  1.467500E+04,  8.590165E-08,  0.000000E+00,  0.000000E+00,  0.000000E+00
  1.472500E+04,  8.519428E-08,  0.000000E+00,  0.000000E+00,  0.000000E+00
  1.477500E+04,  8.506621E-08,  0.000000E+00,  0.000000E+00,  0.000000E+00
  1.482500E+04,  8.469179E-08,  0.000000E+00,  0.000000E+00,  0.000000E+00
  1.487500E+04,  8.379065E-08,  0.000000E+00,  0.000000E+00,  0.000000E+00
  1.492500E+04,  8.437613E-08,  0.000000E+00,  0.000000E+00,  0.000000E+00
  1.497500E+04,  8.378666E-08,  0.000000E+00,  0.000000E+00,  0.000000E+00
  1.502500E+04,  8.265717E-08,  0.000000E+00,  0.000000E+00,  0.000000E+00
  1.507500E+04,  8.221402E-08,  0.000000E+00,  0.000000E+00,  0.000000E+00
  1.512500E+04,  8.267133E-08,  0.000000E+00,  0.000000E+00,  0.000000E+00
  1.517500E+04,  8.244643E-08,  0.000000E+00,  0.000000E+00,  0.000000E+00
  1.522500E+04,  8.189957E-08,  0.000000E+00,  0.000000E+00,  0.000000E+00
  1.527500E+04,  8.141567E-08,  0.000000E+00,  0.000000E+00,  0.000000E+00
  1.532500E+04,  8.114572E-08,  0.000000E+00,  0.000000E+00,  0.000000E+00
  1.537500E+04,  8.100230E-08,  0.000000E+00,  0.000000E+00,  0.000000E+00
  1.542500E+04,  8.022728E-08,  0.000000E+00,  0.000000E+00,  0.000000E+00
  1.547500E+04,  8.056170E-08,  0.000000E+00,  0.000000E+00,  0.000000E+00
  1.552500E+04,  8.006232E-08,  0.000000E+00,  0.000000E+00,  0.000000E+00
  1.557500E+04,  7.868800E-08,  0.000000E+00,  0.000000E+00,  0.000000E+00
  1.562500E+04,  7.959598E-08,  0.000000E+00,  0.000000E+00,  0.000000E+00
  1.567500E+04,  7.879088E-08,  0.000000E+00,  0.000000E+00,  0.000000E+00
  1.572500E+04,  7.740969E-08,  0.000000E+00,  0.000000E+00,  0.000000E+00
  1.577500E+04,  7.739324E-08,  0.000000E+00,  0.000000E+00,  0.000000E+00
  1.582500E+04,  7.767220E-08,  0.000000E+00,  0.000000E+00,  0.000000E+00
  1.587500E+04,  7.485555E-08,  0.000000E+00,  0.000000E+00,  0.000000E+00
  1.592500E+04,  7.708077E-08,  0.000000E+00,  0.000000E+00,  0.000000E+00
  1.597500E+04,  7.667079E-08,  0.000000E+00,  0.000000E+00,  0.000000E+00
  1.605000E+04,  7.593631E-08,  0.000000E+00,  0.000000E+00,  0.000000E+00
  1.615000E+04,  7.412145E-08,  0.000000E+00,  0.000000E+00,  0.000000E+00
  1.625000E+04,  7.425469E-08,  0.000000E+00,  0.000000E+00,  0.000000E+00
  1.635000E+04,  7.290268E-08,  0.000000E+00,  0.000000E+00,  0.000000E+00
  1.645000E+04,  7.047909E-08,  0.000000E+00,  0.000000E+00,  0.000000E+00
  1.655000E+04,  7.055195E-08,  0.000000E+00,  0.000000E+00,  0.000000E+00
  1.665000E+04,  6.902825E-08,  0.000000E+00,  0.000000E+00,  0.000000E+00
  1.675000E+04,  6.743326E-08,  0.000000E+00,  0.000000E+00,  0.000000E+00
  1.685000E+04,  6.510720E-08,  0.000000E+00,  0.000000E+00,  0.000000E+00
  1.695000E+04,  6.519165E-08,  0.000000E+00,  0.000000E+00,  0.000000E+00
  1.705000E+04,  6.361501E-08,  0.000000E+00,  0.000000E+00,  0.000000E+00
  1.715000E+04,  6.234640E-08,  0.000000E+00,  0.000000E+00,  0.000000E+00
  1.725000E+04,  6.113035E-08,  0.000000E+00,  0.000000E+00,  0.000000E+00
  1.735000E+04,  5.877851E-08,  0.000000E+00,  0.000000E+00,  0.000000E+00
  1.745000E+04,  5.872556E-08,  0.000000E+00,  0.000000E+00,  0.000000E+00
  1.755000E+04,  5.772673E-08,  0.000000E+00,  0.000000E+00,  0.000000E+00
  1.765000E+04,  5.657340E-08,  0.000000E+00,  0.000000E+00,  0.000000E+00
  1.775000E+04,  5.551746E-08,  0.000000E+00,  0.000000E+00,  0.000000E+00
  1.785000E+04,  5.448795E-08,  0.000000E+00,  0.000000E+00,  0.000000E+00
  1.795000E+04,  5.351505E-08,  0.000000E+00,  0.000000E+00,  0.000000E+00
  1.805000E+04,  5.239435E-08,  0.000000E+00,  0.000000E+00,  0.000000E+00
  1.815000E+04,  5.058594E-08,  0.000000E+00,  0.000000E+00,  0.000000E+00
  1.825000E+04,  5.031654E-08,  0.000000E+00,  0.000000E+00,  0.000000E+00
  1.835000E+04,  4.950822E-08,  0.000000E+00,  0.000000E+00,  0.000000E+00
  1.845000E+04,  4.840776E-08,  0.000000E+00,  0.000000E+00,  0.000000E+00
  1.855000E+04,  4.763461E-08,  0.000000E+00,  0.000000E+00,  0.000000E+00
  1.865000E+04,  4.667414E-08,  0.000000E+00,  0.000000E+00,  0.000000E+00
  1.875000E+04,  4.467492E-08,  0.000000E+00,  0.000000E+00,  0.000000E+00
  1.885000E+04,  4.497635E-08,  0.000000E+00,  0.000000E+00,  0.000000E+00
  1.895000E+04,  4.382130E-08,  0.000000E+00,  0.000000E+00,  0.000000E+00
  1.905000E+04,  4.342159E-08,  0.000000E+00,  0.000000E+00,  0.000000E+00
  1.915000E+04,  4.258099E-08,  0.000000E+00,  0.000000E+00,  0.000000E+00
  1.925000E+04,  4.185342E-08,  0.000000E+00,  0.000000E+00,  0.000000E+00
  1.935000E+04,  4.094720E-08,  0.000000E+00,  0.000000E+00,  0.000000E+00
  1.945000E+04,  3.951191E-08,  0.000000E+00,  0.000000E+00,  0.000000E+00
  1.955000E+04,  3.953012E-08,  0.000000E+00,  0.000000E+00,  0.000000E+00
  1.965000E+04,  3.886364E-08,  0.000000E+00,  0.000000E+00,  0.000000E+00
  1.975000E+04,  3.798942E-08,  0.000000E+00,  0.000000E+00,  0.000000E+00
  1.985000E+04,  3.744354E-08,  0.000000E+00,  0.000000E+00,  0.000000E+00
  1.995000E+04,  3.679278E-08,  0.000000E+00,  0.000000E+00,  0.000000E+00
  2.005000E+04,  3.626119E-08,  0.000000E+00,  0.000000E+00,  0.000000E+00
  2.015000E+04,  3.566689E-08,  0.000000E+00,  0.000000E+00,  0.000000E+00
  2.025000E+04,  3.495786E-08,  0.000000E+00,  0.000000E+00,  0.000000E+00
  2.035000E+04,  3.427636E-08,  0.000000E+00,  0.000000E+00,  0.000000E+00
  2.045000E+04,  3.383735E-08,  0.000000E+00,  0.000000E+00,  0.000000E+00
  2.055000E+04,  3.322179E-08,  0.000000E+00,  0.000000E+00,  0.000000E+00
  2.065000E+04,  3.257277E-08,  0.000000E+00,  0.000000E+00,  0.000000E+00
  2.075000E+04,  3.206753E-08,  0.000000E+00,  0.000000E+00,  0.000000E+00
  2.085000E+04,  3.154176E-08,  0.000000E+00,  0.000000E+00,  0.000000E+00
  2.095000E+04,  3.092789E-08,  0.000000E+00,  0.000000E+00,  0.000000E+00
  2.105000E+04,  3.049950E-08,  0.000000E+00,  0.000000E+00,  0.000000E+00
  2.115000E+04,  2.997287E-08,  0.000000E+00,  0.000000E+00,  0.000000E+00
  2.125000E+04,  2.947467E-08,  0.000000E+00,  0.000000E+00,  0.000000E+00
  2.135000E+04,  2.898597E-08,  0.000000E+00,  0.000000E+00,  0.000000E+00
  2.145000E+04,  2.852789E-08,  0.000000E+00,  0.000000E+00,  0.000000E+00
  2.155000E+04,  2.806047E-08,  0.000000E+00,  0.000000E+00,  0.000000E+00
  2.165000E+04,  2.715504E-08,  0.000000E+00,  0.000000E+00,  0.000000E+00
  2.175000E+04,  2.708336E-08,  0.000000E+00,  0.000000E+00,  0.000000E+00
  2.185000E+04,  2.662992E-08,  0.000000E+00,  0.000000E+00,  0.000000E+00
  2.195000E+04,  2.626908E-08,  0.000000E+00,  0.000000E+00,  0.000000E+00
  2.205000E+04,  2.573791E-08,  0.000000E+00,  0.000000E+00,  0.000000E+00
  2.215000E+04,  2.541961E-08,  0.000000E+00,  0.000000E+00,  0.000000E+00
  2.225000E+04,  2.498358E-08,  0.000000E+00,  0.000000E+00,  0.000000E+00
  2.235000E+04,  2.459205E-08,  0.000000E+00,  0.000000E+00,  0.000000E+00
  2.245000E+04,  2.421280E-08,  0.000000E+00,  0.000000E+00,  0.000000E+00
  2.255000E+04,  2.379151E-08,  0.000000E+00,  0.000000E+00,  0.000000E+00
  2.265000E+04,  2.342052E-08,  0.000000E+00,  0.000000E+00,  0.000000E+00
  2.275000E+04,  2.308714E-08,  0.000000E+00,  0.000000E+00,  0.000000E+00
  2.285000E+04,  2.269059E-08,  0.000000E+00,  0.000000E+00,  0.000000E+00
  2.295000E+04,  2.126349E-08,  0.000000E+00,  0.000000E+00,  0.000000E+00
  2.305000E+04,  2.150845E-08,  0.000000E+00,  0.000000E+00,  0.000000E+00
  2.315000E+04,  2.131342E-08,  0.000000E+00,  0.000000E+00,  0.000000E+00
  2.325000E+04,  1.987004E-08,  0.000000E+00,  0.000000E+00,  0.000000E+00
  2.335000E+04,  2.030017E-08,  0.000000E+00,  0.000000E+00,  0.000000E+00
  2.345000E+04,  2.024369E-08,  0.000000E+00,  0.000000E+00,  0.000000E+00
  2.355000E+04,  1.884392E-08,  0.000000E+00,  0.000000E+00,  0.000000E+00
  2.365000E+04,  1.930874E-08,  0.000000E+00,  0.000000E+00,  0.000000E+00
  2.375000E+04,  1.923012E-08,  0.000000E+00,  0.000000E+00,  0.000000E+00
  2.385000E+04,  1.801849E-08,  0.000000E+00,  0.000000E+00,  0.000000E+00
  2.395000E+04,  1.835772E-08,  0.000000E+00,  0.000000E+00,  0.000000E+00
  2.405000E+04,  1.828586E-08,  0.000000E+00,  0.000000E+00,  0.000000E+00
  2.415000E+04,  1.737591E-08,  0.000000E+00,  0.000000E+00,  0.000000E+00
  2.425000E+04,  1.752866E-08,  0.000000E+00,  0.000000E+00,  0.000000E+00
  2.435000E+04,  1.743924E-08,  0.000000E+00,  0.000000E+00,  0.000000E+00
  2.445000E+04,  1.683431E-08,  0.000000E+00,  0.000000E+00,  0.000000E+00
  2.455000E+04,  1.666055E-08,  0.000000E+00,  0.000000E+00,  0.000000E+00
  2.465000E+04,  1.673864E-08,  0.000000E+00,  0.000000E+00,  0.000000E+00
  2.475000E+04,  1.630975E-08,  0.000000E+00,  0.000000E+00,  0.000000E+00
  2.485000E+04,  1.595736E-08,  0.000000E+00,  0.000000E+00,  0.000000E+00
  2.495000E+04,  1.594814E-08,  0.000000E+00,  0.000000E+00,  0.000000E+00
  2.505000E+04,  1.585044E-08,  0.000000E+00,  0.000000E+00,  0.000000E+00
  2.515000E+04,  1.533675E-08,  0.000000E+00,  0.000000E+00,  0.000000E+00
  2.525000E+04,  1.527132E-08,  0.000000E+00,  0.000000E+00,  0.000000E+00
  2.535000E+04,  1.518537E-08,  0.000000E+00,  0.000000E+00,  0.000000E+00
  2.545000E+04,  1.490620E-08,  0.000000E+00,  0.000000E+00,  0.000000E+00
  2.555000E+04,  1.472342E-08,  0.000000E+00,  0.000000E+00,  0.000000E+00
  2.565000E+04,  1.450424E-08,  0.000000E+00,  0.000000E+00,  0.000000E+00
  2.575000E+04,  1.443257E-08,  0.000000E+00,  0.000000E+00,  0.000000E+00
  2.585000E+04,  1.407156E-08,  0.000000E+00,  0.000000E+00,  0.000000E+00
  2.595000E+04,  1.401847E-08,  0.000000E+00,  0.000000E+00,  0.000000E+00
  2.605000E+04,  1.384701E-08,  0.000000E+00,  0.000000E+00,  0.000000E+00
  2.615000E+04,  1.358983E-08,  0.000000E+00,  0.000000E+00,  0.000000E+00
  2.625000E+04,  1.331983E-08,  0.000000E+00,  0.000000E+00,  0.000000E+00
  2.635000E+04,  1.329977E-08,  0.000000E+00,  0.000000E+00,  0.000000E+00
  2.645000E+04,  1.315511E-08,  0.000000E+00,  0.000000E+00,  0.000000E+00
  2.655000E+04,  1.291352E-08,  0.000000E+00,  0.000000E+00,  0.000000E+00
  2.665000E+04,  1.271063E-08,  0.000000E+00,  0.000000E+00,  0.000000E+00
  2.675000E+04,  1.259498E-08,  0.000000E+00,  0.000000E+00,  0.000000E+00
  2.685000E+04,  1.250807E-08,  0.000000E+00,  0.000000E+00,  0.000000E+00
  2.695000E+04,  1.232426E-08,  0.000000E+00,  0.000000E+00,  0.000000E+00
  2.705000E+04,  1.218459E-08,  0.000000E+00,  0.000000E+00,  0.000000E+00
  2.715000E+04,  1.202748E-08,  0.000000E+00,  0.000000E+00,  0.000000E+00
  2.725000E+04,  1.188645E-08,  0.000000E+00,  0.000000E+00,  0.000000E+00
  2.735000E+04,  1.171509E-08,  0.000000E+00,  0.000000E+00,  0.000000E+00
  2.745000E+04,  1.158210E-08,  0.000000E+00,  0.000000E+00,  0.000000E+00
  2.755000E+04,  1.136120E-08,  0.000000E+00,  0.000000E+00,  0.000000E+00
  2.765000E+04,  1.127594E-08,  0.000000E+00,  0.000000E+00,  0.000000E+00
  2.775000E+04,  1.113712E-08,  0.000000E+00,  0.000000E+00,  0.000000E+00
  2.785000E+04,  1.099751E-08,  0.000000E+00,  0.000000E+00,  0.000000E+00
  2.795000E+04,  1.085090E-08,  0.000000E+00,  0.000000E+00,  0.000000E+00
  2.805000E+04,  1.070163E-08,  0.000000E+00,  0.000000E+00,  0.000000E+00
  2.815000E+04,  1.057566E-08,  0.000000E+00,  0.000000E+00,  0.000000E+00
  2.825000E+04,  1.044701E-08,  0.000000E+00,  0.000000E+00,  0.000000E+00
  2.835000E+04,  1.032245E-08,  0.000000E+00,  0.000000E+00,  0.000000E+00
  2.845000E+04,  1.018346E-08,  0.000000E+00,  0.000000E+00,  0.000000E+00
  2.855000E+04,  1.005381E-08,  0.000000E+00,  0.000000E+00,  0.000000E+00
  2.865000E+04,  9.923692E-09,  0.000000E+00,  0.000000E+00,  0.000000E+00
  2.875000E+04,  9.728010E-09,  0.000000E+00,  0.000000E+00,  0.000000E+00
  2.885000E+04,  9.679544E-09,  0.000000E+00,  0.000000E+00,  0.000000E+00
  2.895000E+04,  9.560434E-09,  0.000000E+00,  0.000000E+00,  0.000000E+00
  2.905000E+04,  9.432756E-09,  0.000000E+00,  0.000000E+00,  0.000000E+00
  2.915000E+04,  9.323649E-09,  0.000000E+00,  0.000000E+00,  0.000000E+00
  2.925000E+04,  9.187454E-09,  0.000000E+00,  0.000000E+00,  0.000000E+00
  2.935000E+04,  9.079510E-09,  0.000000E+00,  0.000000E+00,  0.000000E+00
  2.945000E+04,  8.959344E-09,  0.000000E+00,  0.000000E+00,  0.000000E+00
  2.955000E+04,  8.860727E-09,  0.000000E+00,  0.000000E+00,  0.000000E+00
  2.965000E+04,  8.735376E-09,  0.000000E+00,  0.000000E+00,  0.000000E+00
  2.975000E+04,  8.641321E-09,  0.000000E+00,  0.000000E+00,  0.000000E+00
  2.985000E+04,  8.540800E-09,  0.000000E+00,  0.000000E+00,  0.000000E+00
  2.995000E+04,  8.427358E-09,  0.000000E+00,  0.000000E+00,  0.000000E+00
  3.005000E+04,  8.310752E-09,  0.000000E+00,  0.000000E+00,  0.000000E+00
  3.015000E+04,  8.229212E-09,  0.000000E+00,  0.000000E+00,  0.000000E+00
  3.025000E+04,  8.128640E-09,  0.000000E+00,  0.000000E+00,  0.000000E+00
  3.035000E+04,  7.970909E-09,  0.000000E+00,  0.000000E+00,  0.000000E+00
  3.045000E+04,  7.895674E-09,  0.000000E+00,  0.000000E+00,  0.000000E+00
  3.055000E+04,  7.834774E-09,  0.000000E+00,  0.000000E+00,  0.000000E+00
  3.065000E+04,  7.734111E-09,  0.000000E+00,  0.000000E+00,  0.000000E+00
  3.075000E+04,  7.646522E-09,  0.000000E+00,  0.000000E+00,  0.000000E+00
  3.085000E+04,  7.539866E-09,  0.000000E+00,  0.000000E+00,  0.000000E+00
  3.095000E+04,  7.446112E-09,  0.000000E+00,  0.000000E+00,  0.000000E+00
  3.105000E+04,  7.374018E-09,  0.000000E+00,  0.000000E+00,  0.000000E+00
  3.115000E+04,  7.258067E-09,  0.000000E+00,  0.000000E+00,  0.000000E+00
  3.125000E+04,  7.198717E-09,  0.000000E+00,  0.000000E+00,  0.000000E+00
  3.135000E+04,  7.087092E-09,  0.000000E+00,  0.000000E+00,  0.000000E+00
  3.145000E+04,  7.026969E-09,  0.000000E+00,  0.000000E+00,  0.000000E+00
  3.155000E+04,  6.929193E-09,  0.000000E+00,  0.000000E+00,  0.000000E+00
  3.165000E+04,  6.867551E-09,  0.000000E+00,  0.000000E+00,  0.000000E+00
  3.175000E+04,  6.770181E-09,  0.000000E+00,  0.000000E+00,  0.000000E+00
  3.185000E+04,  6.691715E-09,  0.000000E+00,  0.000000E+00,  0.000000E+00
  3.195000E+04,  6.621080E-09,  0.000000E+00,  0.000000E+00,  0.000000E+00
  3.210000E+04,  6.511233E-09,  0.000000E+00,  0.000000E+00,  0.000000E+00
  3.230000E+04,  6.345892E-09,  0.000000E+00,  0.000000E+00,  0.000000E+00
  3.250000E+04,  6.216344E-09,  0.000000E+00,  0.000000E+00,  0.000000E+00
  3.270000E+04,  6.073589E-09,  0.000000E+00,  0.000000E+00,  0.000000E+00
  3.290000E+04,  5.901731E-09,  0.000000E+00,  0.000000E+00,  0.000000E+00
  3.310000E+04,  5.803616E-09,  0.000000E+00,  0.000000E+00,  0.000000E+00
  3.330000E+04,  5.658201E-09,  0.000000E+00,  0.000000E+00,  0.000000E+00
  3.350000E+04,  5.543324E-09,  0.000000E+00,  0.000000E+00,  0.000000E+00
  3.370000E+04,  5.425146E-09,  0.000000E+00,  0.000000E+00,  0.000000E+00
  3.390000E+04,  5.281988E-09,  0.000000E+00,  0.000000E+00,  0.000000E+00
  3.410000E+04,  5.182771E-09,  0.000000E+00,  0.000000E+00,  0.000000E+00
  3.430000E+04,  5.079956E-09,  0.000000E+00,  0.000000E+00,  0.000000E+00
  3.450000E+04,  4.955132E-09,  0.000000E+00,  0.000000E+00,  0.000000E+00
  3.470000E+04,  4.860695E-09,  0.000000E+00,  0.000000E+00,  0.000000E+00
  3.490000E+04,  4.759140E-09,  0.000000E+00,  0.000000E+00,  0.000000E+00
  3.510000E+04,  4.649619E-09,  0.000000E+00,  0.000000E+00,  0.000000E+00
  3.530000E+04,  4.547539E-09,  0.000000E+00,  0.000000E+00,  0.000000E+00
  3.550000E+04,  4.461403E-09,  0.000000E+00,  0.000000E+00,  0.000000E+00
  3.570000E+04,  4.356704E-09,  0.000000E+00,  0.000000E+00,  0.000000E+00
  3.590000E+04,  4.267404E-09,  0.000000E+00,  0.000000E+00,  0.000000E+00
  3.610000E+04,  4.189403E-09,  0.000000E+00,  0.000000E+00,  0.000000E+00
  3.630000E+04,  4.097563E-09,  0.000000E+00,  0.000000E+00,  0.000000E+00
  3.650000E+04,  4.010563E-09,  0.000000E+00,  0.000000E+00,  0.000000E+00
  3.670000E+04,  3.928474E-09,  0.000000E+00,  0.000000E+00,  0.000000E+00
  3.690000E+04,  3.845738E-09,  0.000000E+00,  0.000000E+00,  0.000000E+00
  3.710000E+04,  3.766561E-09,  0.000000E+00,  0.000000E+00,  0.000000E+00
  3.730000E+04,  3.693106E-09,  0.000000E+00,  0.000000E+00,  0.000000E+00
  3.750000E+04,  3.608713E-09,  0.000000E+00,  0.000000E+00,  0.000000E+00
  3.770000E+04,  3.548065E-09,  0.000000E+00,  0.000000E+00,  0.000000E+00
  3.790000E+04,  3.482166E-09,  0.000000E+00,  0.000000E+00,  0.000000E+00
  3.810000E+04,  3.407848E-09,  0.000000E+00,  0.000000E+00,  0.000000E+00
  3.830000E+04,  3.345265E-09,  0.000000E+00,  0.000000E+00,  0.000000E+00
  3.850000E+04,  3.280249E-09,  0.000000E+00,  0.000000E+00,  0.000000E+00
  3.870000E+04,  3.217871E-09,  0.000000E+00,  0.000000E+00,  0.000000E+00
  3.890000E+04,  3.152511E-09,  0.000000E+00,  0.000000E+00,  0.000000E+00
  3.910000E+04,  3.091059E-09,  0.000000E+00,  0.000000E+00,  0.000000E+00
  3.930000E+04,  3.034004E-09,  0.000000E+00,  0.000000E+00,  0.000000E+00
  3.950000E+04,  2.977195E-09,  0.000000E+00,  0.000000E+00,  0.000000E+00
  3.970000E+04,  2.921523E-09,  0.000000E+00,  0.000000E+00,  0.000000E+00
  3.990000E+04,  2.858056E-09,  0.000000E+00,  0.000000E+00,  0.000000E+00
  4.010000E+04,  2.809411E-09,  0.000000E+00,  0.000000E+00,  0.000000E+00
  4.030000E+04,  2.755186E-09,  0.000000E+00,  0.000000E+00,  0.000000E+00
  4.050000E+04,  2.695082E-09,  0.000000E+00,  0.000000E+00,  0.000000E+00
  4.070000E+04,  2.653646E-09,  0.000000E+00,  0.000000E+00,  0.000000E+00
  4.090000E+04,  2.608109E-09,  0.000000E+00,  0.000000E+00,  0.000000E+00
  4.110000E+04,  2.559478E-09,  0.000000E+00,  0.000000E+00,  0.000000E+00
  4.130000E+04,  2.513976E-09,  0.000000E+00,  0.000000E+00,  0.000000E+00
  4.150000E+04,  2.466792E-09,  0.000000E+00,  0.000000E+00,  0.000000E+00
  4.170000E+04,  2.418065E-09,  0.000000E+00,  0.000000E+00,  0.000000E+00
  4.190000E+04,  2.379140E-09,  0.000000E+00,  0.000000E+00,  0.000000E+00
  4.210000E+04,  2.330605E-09,  0.000000E+00,  0.000000E+00,  0.000000E+00
  4.230000E+04,  2.295406E-09,  0.000000E+00,  0.000000E+00,  0.000000E+00
  4.250000E+04,  2.252333E-09,  0.000000E+00,  0.000000E+00,  0.000000E+00
  4.270000E+04,  2.213441E-09,  0.000000E+00,  0.000000E+00,  0.000000E+00
  4.290000E+04,  2.112996E-09,  0.000000E+00,  0.000000E+00,  0.000000E+00
  4.310000E+04,  2.039960E-09,  0.000000E+00,  0.000000E+00,  0.000000E+00
  4.330000E+04,  2.041935E-09,  0.000000E+00,  0.000000E+00,  0.000000E+00
  4.350000E+04,  1.944682E-09,  0.000000E+00,  0.000000E+00,  0.000000E+00
  4.370000E+04,  1.904974E-09,  0.000000E+00,  0.000000E+00,  0.000000E+00
  4.390000E+04,  1.887959E-09,  0.000000E+00,  0.000000E+00,  0.000000E+00
  4.410000E+04,  1.786424E-09,  0.000000E+00,  0.000000E+00,  0.000000E+00
  4.430000E+04,  1.781340E-09,  0.000000E+00,  0.000000E+00,  0.000000E+00
  4.450000E+04,  1.751176E-09,  0.000000E+00,  0.000000E+00,  0.000000E+00
  4.470000E+04,  1.665808E-09,  0.000000E+00,  0.000000E+00,  0.000000E+00
  4.490000E+04,  1.673859E-09,  0.000000E+00,  0.000000E+00,  0.000000E+00
  4.510000E+04,  1.639220E-09,  0.000000E+00,  0.000000E+00,  0.000000E+00
  4.530000E+04,  1.573231E-09,  0.000000E+00,  0.000000E+00,  0.000000E+00
  4.550000E+04,  1.572561E-09,  0.000000E+00,  0.000000E+00,  0.000000E+00
  4.570000E+04,  1.555632E-09,  0.000000E+00,  0.000000E+00,  0.000000E+00
  4.590000E+04,  1.486853E-09,  0.000000E+00,  0.000000E+00,  0.000000E+00
  4.610000E+04,  1.492419E-09,  0.000000E+00,  0.000000E+00,  0.000000E+00
  4.630000E+04,  1.460804E-09,  0.000000E+00,  0.000000E+00,  0.000000E+00
  4.650000E+04,  1.444403E-09,  0.000000E+00,  0.000000E+00,  0.000000E+00
  4.670000E+04,  1.426119E-09,  0.000000E+00,  0.000000E+00,  0.000000E+00
  4.690000E+04,  1.404168E-09,  0.000000E+00,  0.000000E+00,  0.000000E+00
  4.710000E+04,  1.378965E-09,  0.000000E+00,  0.000000E+00,  0.000000E+00
  4.730000E+04,  1.377117E-09,  0.000000E+00,  0.000000E+00,  0.000000E+00
  4.750000E+04,  1.347113E-09,  0.000000E+00,  0.000000E+00,  0.000000E+00
  4.770000E+04,  1.327954E-09,  0.000000E+00,  0.000000E+00,  0.000000E+00
  4.790000E+04,  1.312124E-09,  0.000000E+00,  0.000000E+00,  0.000000E+00
  4.810000E+04,  1.279918E-09,  0.000000E+00,  0.000000E+00,  0.000000E+00
  4.830000E+04,  1.282176E-09,  0.000000E+00,  0.000000E+00,  0.000000E+00
  4.850000E+04,  1.259603E-09,  0.000000E+00,  0.000000E+00,  0.000000E+00
  4.870000E+04,  1.234242E-09,  0.000000E+00,  0.000000E+00,  0.000000E+00
  4.890000E+04,  1.220706E-09,  0.000000E+00,  0.000000E+00,  0.000000E+00
  4.910000E+04,  1.201275E-09,  0.000000E+00,  0.000000E+00,  0.000000E+00
  4.930000E+04,  1.184090E-09,  0.000000E+00,  0.000000E+00,  0.000000E+00
  4.950000E+04,  1.166753E-09,  0.000000E+00,  0.000000E+00,  0.000000E+00
  4.970000E+04,  1.151275E-09,  0.000000E+00,  0.000000E+00,  0.000000E+00
  4.990000E+04,  1.135974E-09,  0.000000E+00,  0.000000E+00,  0.000000E+00
  5.010000E+04,  1.112221E-09,  0.000000E+00,  0.000000E+00,  0.000000E+00
  5.030000E+04,  1.106729E-09,  0.000000E+00,  0.000000E+00,  0.000000E+00
  5.050000E+04,  1.081989E-09,  0.000000E+00,  0.000000E+00,  0.000000E+00
  5.070000E+04,  1.069820E-09,  0.000000E+00,  0.000000E+00,  0.000000E+00
  5.090000E+04,  1.058754E-09,  0.000000E+00,  0.000000E+00,  0.000000E+00
  5.110000E+04,  1.039457E-09,  0.000000E+00,  0.000000E+00,  0.000000E+00
  5.130000E+04,  1.027020E-09,  0.000000E+00,  0.000000E+00,  0.000000E+00
  5.150000E+04,  1.012271E-09,  0.000000E+00,  0.000000E+00,  0.000000E+00
  5.170000E+04,  1.007970E-09,  0.000000E+00,  0.000000E+00,  0.000000E+00
  5.190000E+04,  9.847634E-10,  0.000000E+00,  0.000000E+00,  0.000000E+00
  5.210000E+04,  9.704397E-10,  0.000000E+00,  0.000000E+00,  0.000000E+00
  5.230000E+04,  9.580038E-10,  0.000000E+00,  0.000000E+00,  0.000000E+00
  5.250000E+04,  9.496129E-10,  0.000000E+00,  0.000000E+00,  0.000000E+00
  5.270000E+04,  9.413719E-10,  0.000000E+00,  0.000000E+00,  0.000000E+00
  5.290000E+04,  9.182124E-10,  0.000000E+00,  0.000000E+00,  0.000000E+00
  5.310000E+04,  9.086808E-10,  0.000000E+00,  0.000000E+00,  0.000000E+00
  5.330000E+04,  8.971846E-10,  0.000000E+00,  0.000000E+00,  0.000000E+00
  5.350000E+04,  8.864272E-10,  0.000000E+00,  0.000000E+00,  0.000000E+00
  5.370000E+04,  8.764142E-10,  0.000000E+00,  0.000000E+00,  0.000000E+00
  5.390000E+04,  8.655280E-10,  0.000000E+00,  0.000000E+00,  0.000000E+00
  5.410000E+04,  8.533532E-10,  0.000000E+00,  0.000000E+00,  0.000000E+00
  5.430000E+04,  8.375330E-10,  0.000000E+00,  0.000000E+00,  0.000000E+00
  5.450000E+04,  8.317052E-10,  0.000000E+00,  0.000000E+00,  0.000000E+00
  5.470000E+04,  8.197414E-10,  0.000000E+00,  0.000000E+00,  0.000000E+00
  5.490000E+04,  8.073687E-10,  0.000000E+00,  0.000000E+00,  0.000000E+00
  5.510000E+04,  7.982386E-10,  0.000000E+00,  0.000000E+00,  0.000000E+00
  5.530000E+04,  7.944411E-10,  0.000000E+00,  0.000000E+00,  0.000000E+00
  5.550000E+04,  7.746899E-10,  0.000000E+00,  0.000000E+00,  0.000000E+00
  5.570000E+04,  7.731852E-10,  0.000000E+00,  0.000000E+00,  0.000000E+00
  5.590000E+04,  7.592108E-10,  0.000000E+00,  0.000000E+00,  0.000000E+00
  5.610000E+04,  7.501066E-10,  0.000000E+00,  0.000000E+00,  0.000000E+00
  5.630000E+04,  7.384364E-10,  0.000000E+00,  0.000000E+00,  0.000000E+00
  5.650000E+04,  7.334545E-10,  0.000000E+00,  0.000000E+00,  0.000000E+00
  5.670000E+04,  7.237530E-10,  0.000000E+00,  0.000000E+00,  0.000000E+00
  5.690000E+04,  7.104229E-10,  0.000000E+00,  0.000000E+00,  0.000000E+00
  5.710000E+04,  7.058898E-10,  0.000000E+00,  0.000000E+00,  0.000000E+00
  5.730000E+04,  6.966149E-10,  0.000000E+00,  0.000000E+00,  0.000000E+00
  5.750000E+04,  6.876320E-10,  0.000000E+00,  0.000000E+00,  0.000000E+00
  5.770000E+04,  6.783830E-10,  0.000000E+00,  0.000000E+00,  0.000000E+00
  5.790000E+04,  6.724866E-10,  0.000000E+00,  0.000000E+00,  0.000000E+00
  5.810000E+04,  6.616279E-10,  0.000000E+00,  0.000000E+00,  0.000000E+00
  5.830000E+04,  6.538595E-10,  0.000000E+00,  0.000000E+00,  0.000000E+00
  5.850000E+04,  6.470852E-10,  0.000000E+00,  0.000000E+00,  0.000000E+00
  5.870000E+04,  6.371192E-10,  0.000000E+00,  0.000000E+00,  0.000000E+00
  5.890000E+04,  6.300105E-10,  0.000000E+00,  0.000000E+00,  0.000000E+00
  5.910000E+04,  6.226329E-10,  0.000000E+00,  0.000000E+00,  0.000000E+00
  5.930000E+04,  6.149499E-10,  0.000000E+00,  0.000000E+00,  0.000000E+00
  5.950000E+04,  6.065505E-10,  0.000000E+00,  0.000000E+00,  0.000000E+00
  5.970000E+04,  6.010418E-10,  0.000000E+00,  0.000000E+00,  0.000000E+00
  5.990000E+04,  5.935209E-10,  0.000000E+00,  0.000000E+00,  0.000000E+00
  6.010000E+04,  5.865590E-10,  0.000000E+00,  0.000000E+00,  0.000000E+00
  6.030000E+04,  5.790588E-10,  0.000000E+00,  0.000000E+00,  0.000000E+00
  6.050000E+04,  5.708483E-10,  0.000000E+00,  0.000000E+00,  0.000000E+00
  6.070000E+04,  5.641429E-10,  0.000000E+00,  0.000000E+00,  0.000000E+00
  6.090000E+04,  5.576341E-10,  0.000000E+00,  0.000000E+00,  0.000000E+00
  6.110000E+04,  5.500282E-10,  0.000000E+00,  0.000000E+00,  0.000000E+00
  6.130000E+04,  5.442751E-10,  0.000000E+00,  0.000000E+00,  0.000000E+00
  6.150000E+04,  5.378579E-10,  0.000000E+00,  0.000000E+00,  0.000000E+00
  6.170000E+04,  5.318476E-10,  0.000000E+00,  0.000000E+00,  0.000000E+00
  6.190000E+04,  5.258053E-10,  0.000000E+00,  0.000000E+00,  0.000000E+00
  6.210000E+04,  5.194870E-10,  0.000000E+00,  0.000000E+00,  0.000000E+00
  6.230000E+04,  5.130568E-10,  0.000000E+00,  0.000000E+00,  0.000000E+00
  6.250000E+04,  5.061699E-10,  0.000000E+00,  0.000000E+00,  0.000000E+00
  6.270000E+04,  5.005156E-10,  0.000000E+00,  0.000000E+00,  0.000000E+00
  6.290000E+04,  4.942991E-10,  0.000000E+00,  0.000000E+00,  0.000000E+00
  6.310000E+04,  4.885233E-10,  0.000000E+00,  0.000000E+00,  0.000000E+00
  6.330000E+04,  4.835645E-10,  0.000000E+00,  0.000000E+00,  0.000000E+00
  6.350000E+04,  4.770395E-10,  0.000000E+00,  0.000000E+00,  0.000000E+00
  6.370000E+04,  4.725438E-10,  0.000000E+00,  0.000000E+00,  0.000000E+00
  6.390000E+04,  4.658332E-10,  0.000000E+00,  0.000000E+00,  0.000000E+00
  6.420000E+04,  4.582128E-10,  0.000000E+00,  0.000000E+00,  0.000000E+00
  6.460000E+04,  4.473366E-10,  0.000000E+00,  0.000000E+00,  0.000000E+00
  6.500000E+04,  4.371298E-10,  0.000000E+00,  0.000000E+00,  0.000000E+00
  6.540000E+04,  4.269730E-10,  0.000000E+00,  0.000000E+00,  0.000000E+00
  6.580000E+04,  4.173739E-10,  0.000000E+00,  0.000000E+00,  0.000000E+00
  6.620000E+04,  4.075831E-10,  0.000000E+00,  0.000000E+00,  0.000000E+00
  6.660000E+04,  3.984066E-10,  0.000000E+00,  0.000000E+00,  0.000000E+00
  6.700000E+04,  3.894149E-10,  0.000000E+00,  0.000000E+00,  0.000000E+00
  6.740000E+04,  3.804384E-10,  0.000000E+00,  0.000000E+00,  0.000000E+00
  6.780000E+04,  3.718437E-10,  0.000000E+00,  0.000000E+00,  0.000000E+00
  6.820000E+04,  3.635798E-10,  0.000000E+00,  0.000000E+00,  0.000000E+00
  6.860000E+04,  3.555108E-10,  0.000000E+00,  0.000000E+00,  0.000000E+00
  6.900000E+04,  3.475380E-10,  0.000000E+00,  0.000000E+00,  0.000000E+00
  6.940000E+04,  3.398052E-10,  0.000000E+00,  0.000000E+00,  0.000000E+00
  6.980000E+04,  3.323881E-10,  0.000000E+00,  0.000000E+00,  0.000000E+00
  7.020000E+04,  3.250408E-10,  0.000000E+00,  0.000000E+00,  0.000000E+00
  7.060000E+04,  3.180069E-10,  0.000000E+00,  0.000000E+00,  0.000000E+00
  7.100000E+04,  3.110927E-10,  0.000000E+00,  0.000000E+00,  0.000000E+00
  7.140000E+04,  3.044023E-10,  0.000000E+00,  0.000000E+00,  0.000000E+00
  7.180000E+04,  2.978339E-10,  0.000000E+00,  0.000000E+00,  0.000000E+00
  7.220000E+04,  2.914725E-10,  0.000000E+00,  0.000000E+00,  0.000000E+00
  7.260000E+04,  2.852629E-10,  0.000000E+00,  0.000000E+00,  0.000000E+00
  7.300000E+04,  2.792566E-10,  0.000000E+00,  0.000000E+00,  0.000000E+00
  7.340000E+04,  2.733397E-10,  0.000000E+00,  0.000000E+00,  0.000000E+00
  7.380000E+04,  2.676454E-10,  0.000000E+00,  0.000000E+00,  0.000000E+00
  7.420000E+04,  2.620488E-10,  0.000000E+00,  0.000000E+00,  0.000000E+00
  7.460000E+04,  2.563118E-10,  0.000000E+00,  0.000000E+00,  0.000000E+00
  7.500000E+04,  2.511157E-10,  0.000000E+00,  0.000000E+00,  0.000000E+00
  7.540000E+04,  2.461577E-10,  0.000000E+00,  0.000000E+00,  0.000000E+00
  7.580000E+04,  2.411446E-10,  0.000000E+00,  0.000000E+00,  0.000000E+00
  7.620000E+04,  2.362365E-10,  0.000000E+00,  0.000000E+00,  0.000000E+00
  7.660000E+04,  2.314642E-10,  0.000000E+00,  0.000000E+00,  0.000000E+00
  7.700000E+04,  2.267812E-10,  0.000000E+00,  0.000000E+00,  0.000000E+00
  7.740000E+04,  2.222463E-10,  0.000000E+00,  0.000000E+00,  0.000000E+00
  7.780000E+04,  2.178026E-10,  0.000000E+00,  0.000000E+00,  0.000000E+00
  7.820000E+04,  2.134971E-10,  0.000000E+00,  0.000000E+00,  0.000000E+00
  7.860000E+04,  2.092759E-10,  0.000000E+00,  0.000000E+00,  0.000000E+00
  7.900000E+04,  2.051656E-10,  0.000000E+00,  0.000000E+00,  0.000000E+00
  7.940000E+04,  2.011536E-10,  0.000000E+00,  0.000000E+00,  0.000000E+00
  7.980000E+04,  1.972460E-10,  0.000000E+00,  0.000000E+00,  0.000000E+00
  8.020000E+04,  1.934256E-10,  0.000000E+00,  0.000000E+00,  0.000000E+00
  8.060000E+04,  1.896981E-10,  0.000000E+00,  0.000000E+00,  0.000000E+00
  8.100000E+04,  1.860857E-10,  0.000000E+00,  0.000000E+00,  0.000000E+00
  8.140000E+04,  1.825013E-10,  0.000000E+00,  0.000000E+00,  0.000000E+00
  8.180000E+04,  1.790635E-10,  0.000000E+00,  0.000000E+00,  0.000000E+00
  8.220000E+04,  1.756973E-10,  0.000000E+00,  0.000000E+00,  0.000000E+00
  8.260000E+04,  1.723893E-10,  0.000000E+00,  0.000000E+00,  0.000000E+00
  8.300000E+04,  1.691629E-10,  0.000000E+00,  0.000000E+00,  0.000000E+00
  8.340000E+04,  1.659916E-10,  0.000000E+00,  0.000000E+00,  0.000000E+00
  8.380000E+04,  1.629249E-10,  0.000000E+00,  0.000000E+00,  0.000000E+00
  8.420000E+04,  1.599189E-10,  0.000000E+00,  0.000000E+00,  0.000000E+00
  8.460000E+04,  1.569823E-10,  0.000000E+00,  0.000000E+00,  0.000000E+00
  8.500000E+04,  1.541048E-10,  0.000000E+00,  0.000000E+00,  0.000000E+00
  8.540000E+04,  1.513021E-10,  0.000000E+00,  0.000000E+00,  0.000000E+00
  8.580000E+04,  1.485547E-10,  0.000000E+00,  0.000000E+00,  0.000000E+00
  8.620000E+04,  1.458739E-10,  0.000000E+00,  0.000000E+00,  0.000000E+00
  8.660000E+04,  1.432418E-10,  0.000000E+00,  0.000000E+00,  0.000000E+00
  8.700000E+04,  1.406994E-10,  0.000000E+00,  0.000000E+00,  0.000000E+00
  8.740000E+04,  1.381765E-10,  0.000000E+00,  0.000000E+00,  0.000000E+00
  8.780000E+04,  1.357226E-10,  0.000000E+00,  0.000000E+00,  0.000000E+00
  8.820000E+04,  1.333370E-10,  0.000000E+00,  0.000000E+00,  0.000000E+00
  8.860000E+04,  1.309950E-10,  0.000000E+00,  0.000000E+00,  0.000000E+00
  8.900000E+04,  1.287042E-10,  0.000000E+00,  0.000000E+00,  0.000000E+00
  8.940000E+04,  1.264718E-10,  0.000000E+00,  0.000000E+00,  0.000000E+00
  8.980000E+04,  1.242653E-10,  0.000000E+00,  0.000000E+00,  0.000000E+00
  9.020000E+04,  1.221328E-10,  0.000000E+00,  0.000000E+00,  0.000000E+00
  9.060000E+04,  1.200381E-10,  0.000000E+00,  0.000000E+00,  0.000000E+00
  9.100000E+04,  1.179660E-10,  0.000000E+00,  0.000000E+00,  0.000000E+00
  9.140000E+04,  1.159319E-10,  0.000000E+00,  0.000000E+00,  0.000000E+00
  9.180000E+04,  1.139910E-10,  0.000000E+00,  0.000000E+00,  0.000000E+00
  9.220000E+04,  1.120644E-10,  0.000000E+00,  0.000000E+00,  0.000000E+00
  9.260000E+04,  1.101703E-10,  0.000000E+00,  0.000000E+00,  0.000000E+00
  9.300000E+04,  1.083516E-10,  0.000000E+00,  0.000000E+00,  0.000000E+00
  9.340000E+04,  1.065075E-10,  0.000000E+00,  0.000000E+00,  0.000000E+00
  9.380000E+04,  1.047158E-10,  0.000000E+00,  0.000000E+00,  0.000000E+00
  9.420000E+04,  1.030389E-10,  0.000000E+00,  0.000000E+00,  0.000000E+00
  9.460000E+04,  1.012853E-10,  0.000000E+00,  0.000000E+00,  0.000000E+00
  9.500000E+04,  9.967228E-11,  0.000000E+00,  0.000000E+00,  0.000000E+00
  9.540000E+04,  9.804170E-11,  0.000000E+00,  0.000000E+00,  0.000000E+00
  9.580000E+04,  9.638721E-11,  0.000000E+00,  0.000000E+00,  0.000000E+00
  9.620000E+04,  9.488214E-11,  0.000000E+00,  0.000000E+00,  0.000000E+00
  9.660000E+04,  9.326870E-11,  0.000000E+00,  0.000000E+00,  0.000000E+00
  9.700000E+04,  9.184090E-11,  0.000000E+00,  0.000000E+00,  0.000000E+00
  9.740000E+04,  9.035439E-11,  0.000000E+00,  0.000000E+00,  0.000000E+00
  9.780000E+04,  8.883692E-11,  0.000000E+00,  0.000000E+00,  0.000000E+00
  9.820000E+04,  8.751457E-11,  0.000000E+00,  0.000000E+00,  0.000000E+00
  9.860000E+04,  8.612281E-11,  0.000000E+00,  0.000000E+00,  0.000000E+00
  9.900000E+04,  8.473066E-11,  0.000000E+00,  0.000000E+00,  0.000000E+00
  9.940000E+04,  8.337581E-11,  0.000000E+00,  0.000000E+00,  0.000000E+00
  9.980000E+04,  8.214016E-11,  0.000000E+00,  0.000000E+00,  0.000000E+00
  1.002000E+05,  8.085918E-11,  0.000000E+00,  0.000000E+00,  0.000000E+00
  2.000000E+05,  5.269712E-12,  0.000000E+00,  0.000000E+00,  0.000000E+00
  4.000000E+05,  3.330369E-13,  0.000000E+00,  0.000000E+00,  0.000000E+00
  6.000000E+05,  6.570805E-14,  0.000000E+00,  0.000000E+00,  0.000000E+00
  8.000000E+05,  2.071414E-14,  0.000000E+00,  0.000000E+00,  0.000000E+00
  1.000000E+06,  8.448402E-15,  0.000000E+00,  0.000000E+00,  0.000000E+00
  1.200000E+06,  4.056614E-15,  0.000000E+00,  0.000000E+00,  0.000000E+00
  1.400000E+06,  2.180445E-15,  0.000000E+00,  0.000000E+00,  0.000000E+00
  1.600000E+06,  1.272956E-15,  0.000000E+00,  0.000000E+00,  0.000000E+00
